video_id,trending_date,title,channel_title,category_id,publish_time,tags,views,likes,dislikes,comment_count,comments_disabled,ratings_disabled,video_error_or_removed,Estrella,,ranking_views,Rlikes,Rdislikes
n1WpP7iowLc,17.14.11,"Eminem - Walk On Water (Audio) ft. BeyoncÃ©","EminemVEVO",10,2017-11-10T17:00:03.000Z,"Eminem"|"Walk"|"On"|"Water"|"Aftermath/Shady/Interscope"|"Rap",17158579,787425,43420,125882,False,False,False,Estrella,,4.58,.25
n1WpP7iowLc,17.15.11,"Eminem - Walk On Water (Audio) ft. BeyoncÃ©","EminemVEVO",10,2017-11-10T17:00:03.000Z,"Eminem"|"Walk"|"On"|"Water"|"Aftermath/Shady/Interscope"|"Rap",20539417,840642,47715,124236,False,False,False,Estrella,,4.09,.23
n1WpP7iowLc,17.16.11,"Eminem - Walk On Water (Audio) ft. BeyoncÃ©","EminemVEVO",10,2017-11-10T17:00:03.000Z,"Eminem"|"Walk"|"On"|"Water"|"Aftermath/Shady/Interscope"|"Rap",22702386,869304,50018,123235,False,False,False,Estrella,,3.82,.22
n1WpP7iowLc,17.17.11,"Eminem - Walk On Water (Audio) ft. BeyoncÃ©","EminemVEVO",10,2017-11-10T17:00:03.000Z,"Eminem"|"Walk"|"On"|"Water"|"Aftermath/Shady/Interscope"|"Rap",24578152,891283,51978,125444,False,False,False,Estrella,,3.62,.21
EBt_88nxG4c,17.25.11,"P!nk - Beautiful Trauma (Official Video)","PinkVEVO",10,2017-11-21T14:00:02.000Z,"Beautiful Trauma"|"P!nk"|"Pop"|"RCA Records Label",10997222,375540,14698,27332,False,False,False,Estrella,,3.41,.13
pOHQdIDds6s,17.26.11,"Jake Paul - It's Everyday Bro (Remix) [feat. Gucci Mane]","Jake Paul",22,2017-11-23T00:00:51.000Z,"Jake"|"Paul"|"logan"|"paul"|"its"|"every"|"day"|"Team"|"10"|"bro"|"funny"|"wow"|"crazy"|"vlog"|"adventure"|"disney"|"channel"|"girls"|"vine"|"hot"|"cool"|"fun"|"team"|"lucas"|"marcus"|"dobre"|"actor"|"star"|"daily"|"brothers"|"bizaardvark"|"tv"|"hollywood"|"sexy"|"comedy"|"skits"|"instagram"|"facebook"|"logang"|"jakepaulers"|"family"|"friendly"|"pg"|"kids"|"tai"|"lopez"|"erika"|"costell"|"music"|"video"|"track"|"song"|"gucci"|"mane"|"rapper"|"diss"|"rap"|"beat"|"featuring",11227479,425187,439353,157863,False,False,False,Estrella,,3.78,3.91
EBt_88nxG4c,17.26.11,"P!nk - Beautiful Trauma (Official Video)","PinkVEVO",10,2017-11-21T14:00:02.000Z,"Beautiful Trauma"|"P!nk"|"Pop"|"RCA Records Label",13469626,414639,16809,29968,False,False,False,Estrella,,3.07,.12
pOHQdIDds6s,17.27.11,"Jake Paul - It's Everyday Bro (Remix) [feat. Gucci Mane]","Jake Paul",22,2017-11-23T00:00:51.000Z,"Jake"|"Paul"|"logan"|"paul"|"its"|"every"|"day"|"Team"|"10"|"bro"|"funny"|"wow"|"crazy"|"vlog"|"adventure"|"disney"|"channel"|"girls"|"vine"|"hot"|"cool"|"fun"|"team"|"lucas"|"marcus"|"dobre"|"actor"|"star"|"daily"|"brothers"|"bizaardvark"|"tv"|"hollywood"|"sexy"|"comedy"|"skits"|"instagram"|"facebook"|"logang"|"jakepaulers"|"family"|"friendly"|"pg"|"kids"|"tai"|"lopez"|"erika"|"costell"|"music"|"video"|"track"|"song"|"gucci"|"mane"|"rapper"|"diss"|"rap"|"beat"|"featuring",12214051,439508,480359,161892,False,False,False,Estrella,,3.59,3.93
EBt_88nxG4c,17.27.11,"P!nk - Beautiful Trauma (Official Video)","PinkVEVO",10,2017-11-21T14:00:02.000Z,"Beautiful Trauma"|"P!nk"|"Pop"|"RCA Records Label",15682850,444729,18376,31578,False,False,False,Estrella,,2.83,.11
pOHQdIDds6s,17.28.11,"Jake Paul - It's Everyday Bro (Remix) [feat. Gucci Mane]","Jake Paul",22,2017-11-23T00:00:51.000Z,"Jake"|"Paul"|"logan"|"paul"|"its"|"every"|"day"|"Team"|"10"|"bro"|"funny"|"wow"|"crazy"|"vlog"|"adventure"|"disney"|"channel"|"girls"|"vine"|"hot"|"cool"|"fun"|"team"|"lucas"|"marcus"|"dobre"|"actor"|"star"|"daily"|"brothers"|"bizaardvark"|"tv"|"hollywood"|"sexy"|"comedy"|"skits"|"instagram"|"facebook"|"logang"|"jakepaulers"|"family"|"friendly"|"pg"|"kids"|"tai"|"lopez"|"erika"|"costell"|"music"|"video"|"track"|"song"|"gucci"|"mane"|"rapper"|"diss"|"rap"|"beat"|"featuring",12921578,448453,504340,168477,False,False,False,Estrella,,3.47,3.90
817P8W8-mGE,17.03.12,"Ed Sheeran - Perfect Duet (with BeyoncÃ©) [Official Audio]","Ed Sheeran",10,2017-12-01T00:54:56.000Z,"edsheeran"|"ed sheeran"|"acoustic"|"live"|"cover"|"official"|"remix"|"official video"|"lyrics"|"session"|"beyonce"|"beyonce live",14197878,768285,13156,41315,False,False,False,Estrella,,5.41,.09
817P8W8-mGE,17.04.12,"Ed Sheeran - Perfect Duet (with BeyoncÃ©) [Official Audio]","Ed Sheeran",10,2017-12-01T00:54:56.000Z,"edsheeran"|"ed sheeran"|"acoustic"|"live"|"cover"|"official"|"remix"|"official video"|"lyrics"|"session"|"beyonce"|"beyonce live",19316205,842331,15673,44813,False,False,False,Estrella,,4.36,.08
SAcpESN_Fk4,17.04.12,"Dil Diyan Gallan Song | Tiger Zinda Hai | Salman Khan | Katrina Kaif | Atif Aslam","YRF",10,2017-12-02T16:39:58.000Z,"Salman Khan"|"Katrina Kaif"|"Dil Diyan Gallam Song"|"Tiger Zinda Hai Song"|"Salman Khan New Song"|"Dil Diyan Gallan Tiger Zinda Hai"|"Tiger Zinda Hai New Song"|"Atif Aslam Song"|"Best of Atif Aslam"|"Atif Aslam New Song 2017"|"Romantic Song"|"Hindi Song"|"Bollywood Song"|"Salman Katrina Song"|"2017 Song"|"Best of 2017 Song"|"Dil Diya Galan Song"|"Tiger Zinda Hai Movie Song"|"Vishal and Shekhar song"|"Katrina Kaif New Song"|"dil diya gallan song"|"new song of tiger zinda hai"|"dil diya galla",12974262,446415,13905,36792,False,False,False,Estrella,,3.44,.10
_9YMpuLDnwo,17.05.12,"42 HOLY GRAIL HACKS THAT WILL SAVE YOU A FORTUNE","5-Minute Crafts",26,2017-12-03T08:30:00.000Z,"5-Minute Crafts"|"DIY"|"Do it yourself"|"crafts"|"trucos"|"trucos de belliza"|"proyectos faciles"|"useful things"|"lifehacks"|"tricks"|"tips"|"DIY projects"|"DIY activities"|"Handcraft"|"Tutorial"|"easy life hacks"|"simple life hacks"|"old into new"|"save money"|"money-saving"|"cheap"|"reuse"|"recycle"|"repurpose"|"fix"|"way"|"ways"|"how to"|"fix a phone"|"phone hacks"|"scratches"|"broken screen"|"toothpaste"|"toothpaste hacks"|"eraze"|"plastic bottles"|"fork"|"kitchen"|"kitchen hacks"|"broken"|"cola"|"colgate"|"plastic bags"|"clean"|"cleaning",10883016,100510,21627,11382,False,False,False,Estrella,,.92,.19
SAcpESN_Fk4,17.05.12,"Dil Diyan Gallan Song | Tiger Zinda Hai | Salman Khan | Katrina Kaif | Atif Aslam","YRF",10,2017-12-02T16:39:58.000Z,"Salman Khan"|"Katrina Kaif"|"Dil Diyan Gallam Song"|"Tiger Zinda Hai Song"|"Salman Khan New Song"|"Dil Diyan Gallan Tiger Zinda Hai"|"Tiger Zinda Hai New Song"|"Atif Aslam Song"|"Best of Atif Aslam"|"Atif Aslam New Song 2017"|"Romantic Song"|"Hindi Song"|"Bollywood Song"|"Salman Katrina Song"|"2017 Song"|"Best of 2017 Song"|"Dil Diya Galan Song"|"Tiger Zinda Hai Movie Song"|"Vishal and Shekhar song"|"Katrina Kaif New Song"|"dil diya gallan song"|"new song of tiger zinda hai"|"dil diya galla",15766864,498384,15660,40008,False,False,False,Estrella,,3.16,.09
817P8W8-mGE,17.05.12,"Ed Sheeran - Perfect Duet (with BeyoncÃ©) [Official Audio]","Ed Sheeran",10,2017-12-01T00:54:56.000Z,"edsheeran"|"ed sheeran"|"acoustic"|"live"|"cover"|"official"|"remix"|"official video"|"lyrics"|"session"|"beyonce"|"beyonce live",24409811,895417,17872,46589,False,False,False,Estrella,,3.66,.07
_9YMpuLDnwo,17.06.12,"42 HOLY GRAIL HACKS THAT WILL SAVE YOU A FORTUNE","5-Minute Crafts",26,2017-12-03T08:30:00.000Z,"5-Minute Crafts"|"DIY"|"Do it yourself"|"crafts"|"trucos"|"trucos de belliza"|"proyectos faciles"|"useful things"|"lifehacks"|"tricks"|"tips"|"DIY projects"|"DIY activities"|"Handcraft"|"Tutorial"|"easy life hacks"|"simple life hacks"|"old into new"|"save money"|"money-saving"|"cheap"|"reuse"|"recycle"|"repurpose"|"fix"|"way"|"ways"|"how to"|"fix a phone"|"phone hacks"|"scratches"|"broken screen"|"toothpaste"|"toothpaste hacks"|"eraze"|"plastic bottles"|"fork"|"kitchen"|"kitchen hacks"|"broken"|"cola"|"colgate"|"plastic bags"|"clean"|"cleaning",12310226,109118,24634,8492,False,False,False,Estrella,,.88,.20
SA7AIQw-7Ms,17.06.12,"G-Eazy & Halsey - Him & I (Official Video)","GEazyMusicVEVO",10,2017-12-01T16:15:00.000Z,"BPG/RVG/RCA Records"|"G-Eazy & Halsey"|"Him & I"|"Rap",10279835,467926,6715,21848,False,False,False,Estrella,,4.55,.06
SAcpESN_Fk4,17.06.12,"Dil Diyan Gallan Song | Tiger Zinda Hai | Salman Khan | Katrina Kaif | Atif Aslam","YRF",10,2017-12-02T16:39:58.000Z,"Salman Khan"|"Katrina Kaif"|"Dil Diyan Gallam Song"|"Tiger Zinda Hai Song"|"Salman Khan New Song"|"Dil Diyan Gallan Tiger Zinda Hai"|"Tiger Zinda Hai New Song"|"Atif Aslam Song"|"Atif Aslam New Song 2017"|"Romantic Song"|"Bollywood Song"|"Salman Katrina Song"|"2017 Song"|"Best of 2017 Song"|"Dil Diya Galan Song"|"Tiger Zinda Hai Movie Song"|"Vishal and Shekhar song"|"Katrina Kaif New Song"|"dil diya gallan song"|"new song of tiger zinda hai"|"dil diya galla"|"Tiger Zinda Hai Trailer"|"YRF",18658794,540500,17496,41823,False,False,False,Estrella,,2.89,.09
817P8W8-mGE,17.06.12,"Ed Sheeran - Perfect Duet (with BeyoncÃ©) [Official Audio]","Ed Sheeran",10,2017-12-01T00:54:56.000Z,"edsheeran"|"ed sheeran"|"acoustic"|"live"|"cover"|"official"|"remix"|"official video"|"lyrics"|"session"|"beyonce"|"beyonce live",29337935,933941,19666,47767,False,False,False,Estrella,,3.18,.06
_9YMpuLDnwo,17.07.12,"42 HOLY GRAIL HACKS THAT WILL SAVE YOU A FORTUNE","5-Minute Crafts",26,2017-12-03T08:30:00.000Z,"5-Minute Crafts"|"DIY"|"Do it yourself"|"crafts"|"trucos"|"trucos de belliza"|"proyectos faciles"|"useful things"|"lifehacks"|"tricks"|"tips"|"DIY projects"|"DIY activities"|"Handcraft"|"Tutorial"|"easy life hacks"|"simple life hacks"|"old into new"|"save money"|"money-saving"|"cheap"|"reuse"|"recycle"|"repurpose"|"fix"|"way"|"ways"|"how to"|"fix a phone"|"phone hacks"|"scratches"|"broken screen"|"toothpaste"|"toothpaste hacks"|"eraze"|"plastic bottles"|"fork"|"kitchen"|"kitchen hacks"|"broken"|"cola"|"colgate"|"plastic bags"|"clean"|"cleaning",16127761,138239,28873,14458,False,False,False,Estrella,,.85,.17
SA7AIQw-7Ms,17.07.12,"G-Eazy & Halsey - Him & I (Official Video)","GEazyMusicVEVO",10,2017-12-01T16:15:00.000Z,"BPG/RVG/RCA Records"|"G-Eazy & Halsey"|"Him & I"|"Rap",12692634,521808,7761,22594,False,False,False,Estrella,,4.11,.06
817P8W8-mGE,17.07.12,"Ed Sheeran - Perfect Duet (with BeyoncÃ©) [Official Audio]","Ed Sheeran",10,2017-12-01T00:54:56.000Z,"edsheeran"|"ed sheeran"|"acoustic"|"live"|"cover"|"official"|"remix"|"official video"|"lyrics"|"session"|"beyonce"|"beyonce live",32777142,965597,21082,49556,False,False,False,Estrella,,2.94,.06
_9YMpuLDnwo,17.08.12,"42 HOLY GRAIL HACKS THAT WILL SAVE YOU A FORTUNE","5-Minute Crafts",26,2017-12-03T08:30:00.000Z,"5-Minute Crafts"|"DIY"|"Do it yourself"|"crafts"|"trucos"|"trucos de belliza"|"proyectos faciles"|"useful things"|"lifehacks"|"tricks"|"tips"|"DIY projects"|"DIY activities"|"Handcraft"|"Tutorial"|"easy life hacks"|"simple life hacks"|"old into new"|"save money"|"money-saving"|"cheap"|"reuse"|"recycle"|"repurpose"|"fix"|"way"|"ways"|"how to"|"fix a phone"|"phone hacks"|"scratches"|"broken screen"|"toothpaste"|"toothpaste hacks"|"eraze"|"plastic bottles"|"fork"|"kitchen"|"kitchen hacks"|"broken"|"cola"|"colgate"|"plastic bags"|"clean"|"cleaning",26221058,206111,39209,18104,False,False,False,Estrella,,.78,.14
_9YMpuLDnwo,17.09.12,"42 HOLY GRAIL HACKS THAT WILL SAVE YOU A FORTUNE","5-Minute Crafts",26,2017-12-03T08:30:00.000Z,"5-Minute Crafts"|"DIY"|"Do it yourself"|"crafts"|"trucos"|"trucos de belliza"|"proyectos faciles"|"useful things"|"lifehacks"|"tricks"|"tips"|"DIY projects"|"DIY activities"|"Handcraft"|"Tutorial"|"easy life hacks"|"simple life hacks"|"old into new"|"save money"|"money-saving"|"cheap"|"reuse"|"recycle"|"repurpose"|"fix"|"way"|"ways"|"how to"|"fix a phone"|"phone hacks"|"scratches"|"broken screen"|"toothpaste"|"toothpaste hacks"|"eraze"|"plastic bottles"|"fork"|"kitchen"|"kitchen hacks"|"broken"|"cola"|"colgate"|"plastic bags"|"clean"|"cleaning",35696481,260516,48163,21468,False,False,False,Estrella,,.72,.13
w4AImq08j9o,17.11.12,"Why I'm not in YouTube Rewind 2017","PewDiePie",23,2017-12-07T17:18:56.000Z,"pewdiepie"|"youtube"|"rewind"|"2017",11468018,721589,18756,74975,False,False,False,Estrella,,6.29,.16
rRzxEiBLQCA,17.12.12,"TWICE Heart Shaker M/V","jypentertainment",10,2017-12-11T08:59:59.000Z,"TWICE Heart Shaker"|"TWICE í•˜íŠ¸ì…°ì´ì»¤"|"íŠ¸ì™€ì´ìŠ¤ Heart Shaker"|"íŠ¸ì™€ì´ìŠ¤ í•˜íŠ¸ì…°ì´ì»¤"|"Heart Shaker"|"í•˜íŠ¸ì…°ì´ì»¤"|"TWICE"|"íŠ¸ì™€ì´ìŠ¤"|"Heart Shaker M/V"|"Heart Shaker MV"|"Heart Shaker Music Video"|"Heart Shaker ë®¤ì§ë¹„ë””ì˜¤"|"Heart Shaker ë®¤ë¹„"|"í•˜íŠ¸ì…°ì´ì»¤ M/V"|"í•˜íŠ¸ì…°ì´ì»¤ MV"|"í•˜íŠ¸ì…°ì´ì»¤ ë®¤ì§ë¹„ë””ì˜¤"|"í•˜íŠ¸ì…°ì´ì»¤ ë®¤ë¹„"|"í•˜íŠ¸ì…°ì´ì»¤ Music Video"|"TWICE M/V"|"TWICE MV"|"TWICE Music Video"|"TWICE ë®¤ì§ë¹„ë””ì˜¤"|"TWICE ë®¤ë¹„"|"íŠ¸ì™€ì´ìŠ¤ M/V"|"íŠ¸ì™€ì´ìŠ¤ MV"|"íŠ¸ì™€ì´ìŠ¤ Music Video"|"íŠ¸ì™€ì´ìŠ¤ ë®¤ì§ë¹„ë””ì˜¤"|"íŠ¸ì™€ì´ìŠ¤ ë®¤ë¹„"|"TWICE Merry Happy"|"íŠ¸ì™€ì´ìŠ¤ Merry Happy"|"íŠ¸ì™€ì´ìŠ¤ ë©”ë¦¬ í•´í”¼"|"Merry Happy"|"Merry & Happy"|"ë©”ë¦¬í•´í”¼",11028219,652331,51048,105470,False,False,False,Estrella,,5.91,.46
w4AImq08j9o,17.12.12,"Why I'm not in YouTube Rewind 2017","PewDiePie",23,2017-12-07T17:18:56.000Z,"pewdiepie"|"youtube"|"rewind"|"2017",13241801,793331,21961,80579,False,False,False,Estrella,,5.99,.16
GmHrjFIWl6U,17.12.12,"Maluma - CorazÃ³n (Official Video) ft. Nego do Borel","MalumaVEVO",10,2017-12-08T11:00:01.000Z,"Maluma ft. Nego do Borel"|"Maluma ft. Nego do Borel Music"|"Maluma ft. Nego do Borel Official Video"|"Maluma ft. Nego do Borel Video"|"Maluma ft. Nego do Borel Video Oficial"|"CorazÃ³n Official Video"|"Corazon Official Video"|"CorazÃ³n Single"|"Corazon Single"|"Maluma ft. Nego do Borel New Single"|"Maluma ft. Nego do Borel Single"|"Maluma ft. Nego do Borel Song"|"CorazÃ³n new song"|"CorazÃ³n nueva canciÃ³n"|"Maluma ft. Nego do Borel nuevo sencillo"|"Maluma"|"ft.",13101989,475596,22787,26930,False,False,False,Estrella,,3.62,.17
rRzxEiBLQCA,17.13.12,"TWICE Heart Shaker M/V","jypentertainment",10,2017-12-11T08:59:59.000Z,"TWICE Heart Shaker"|"TWICE í•˜íŠ¸ì…°ì´ì»¤"|"íŠ¸ì™€ì´ìŠ¤ Heart Shaker"|"íŠ¸ì™€ì´ìŠ¤ í•˜íŠ¸ì…°ì´ì»¤"|"Heart Shaker"|"í•˜íŠ¸ì…°ì´ì»¤"|"TWICE"|"íŠ¸ì™€ì´ìŠ¤"|"Heart Shaker M/V"|"Heart Shaker MV"|"Heart Shaker Music Video"|"Heart Shaker ë®¤ì§ë¹„ë””ì˜¤"|"Heart Shaker ë®¤ë¹„"|"í•˜íŠ¸ì…°ì´ì»¤ M/V"|"í•˜íŠ¸ì…°ì´ì»¤ MV"|"í•˜íŠ¸ì…°ì´ì»¤ ë®¤ì§ë¹„ë””ì˜¤"|"í•˜íŠ¸ì…°ì´ì»¤ ë®¤ë¹„"|"í•˜íŠ¸ì…°ì´ì»¤ Music Video"|"TWICE M/V"|"TWICE MV"|"TWICE Music Video"|"TWICE ë®¤ì§ë¹„ë””ì˜¤"|"TWICE ë®¤ë¹„"|"íŠ¸ì™€ì´ìŠ¤ M/V"|"íŠ¸ì™€ì´ìŠ¤ MV"|"íŠ¸ì™€ì´ìŠ¤ Music Video"|"íŠ¸ì™€ì´ìŠ¤ ë®¤ì§ë¹„ë””ì˜¤"|"íŠ¸ì™€ì´ìŠ¤ ë®¤ë¹„"|"TWICE Merry Happy"|"íŠ¸ì™€ì´ìŠ¤ Merry Happy"|"íŠ¸ì™€ì´ìŠ¤ ë©”ë¦¬ í•´í”¼"|"Merry Happy"|"Merry & Happy"|"ë©”ë¦¬í•´í”¼",18195959,754793,65327,127305,False,False,False,Estrella,,4.14,.35
w4AImq08j9o,17.13.12,"Why I'm not in YouTube Rewind 2017","PewDiePie",23,2017-12-07T17:18:56.000Z,"pewdiepie"|"youtube"|"rewind"|"2017",14228882,831516,23777,83116,False,False,False,Estrella,,5.84,.16
rRzxEiBLQCA,17.14.12,"TWICE Heart Shaker M/V","jypentertainment",10,2017-12-11T08:59:59.000Z,"TWICE Heart Shaker"|"TWICE í•˜íŠ¸ì…°ì´ì»¤"|"íŠ¸ì™€ì´ìŠ¤ Heart Shaker"|"íŠ¸ì™€ì´ìŠ¤ í•˜íŠ¸ì…°ì´ì»¤"|"Heart Shaker"|"í•˜íŠ¸ì…°ì´ì»¤"|"TWICE"|"íŠ¸ì™€ì´ìŠ¤"|"Heart Shaker M/V"|"Heart Shaker MV"|"Heart Shaker Music Video"|"Heart Shaker ë®¤ì§ë¹„ë””ì˜¤"|"Heart Shaker ë®¤ë¹„"|"í•˜íŠ¸ì…°ì´ì»¤ M/V"|"í•˜íŠ¸ì…°ì´ì»¤ MV"|"í•˜íŠ¸ì…°ì´ì»¤ ë®¤ì§ë¹„ë””ì˜¤"|"í•˜íŠ¸ì…°ì´ì»¤ ë®¤ë¹„"|"í•˜íŠ¸ì…°ì´ì»¤ Music Video"|"TWICE M/V"|"TWICE MV"|"TWICE Music Video"|"TWICE ë®¤ì§ë¹„ë””ì˜¤"|"TWICE ë®¤ë¹„"|"íŠ¸ì™€ì´ìŠ¤ M/V"|"íŠ¸ì™€ì´ìŠ¤ MV"|"íŠ¸ì™€ì´ìŠ¤ Music Video"|"íŠ¸ì™€ì´ìŠ¤ ë®¤ì§ë¹„ë””ì˜¤"|"íŠ¸ì™€ì´ìŠ¤ ë®¤ë¹„"|"TWICE Merry Happy"|"íŠ¸ì™€ì´ìŠ¤ Merry Happy"|"íŠ¸ì™€ì´ìŠ¤ ë©”ë¦¬ í•´í”¼"|"Merry Happy"|"Merry & Happy"|"ë©”ë¦¬í•´í”¼",23584659,806413,72399,139142,False,False,False,Estrella,,3.41,.30
rRzxEiBLQCA,17.15.12,"TWICE Heart Shaker M/V","jypentertainment",10,2017-12-11T08:59:59.000Z,"TWICE Heart Shaker"|"TWICE í•˜íŠ¸ì…°ì´ì»¤"|"íŠ¸ì™€ì´ìŠ¤ Heart Shaker"|"íŠ¸ì™€ì´ìŠ¤ í•˜íŠ¸ì…°ì´ì»¤"|"Heart Shaker"|"í•˜íŠ¸ì…°ì´ì»¤"|"TWICE"|"íŠ¸ì™€ì´ìŠ¤"|"Heart Shaker M/V"|"Heart Shaker MV"|"Heart Shaker Music Video"|"Heart Shaker ë®¤ì§ë¹„ë””ì˜¤"|"Heart Shaker ë®¤ë¹„"|"í•˜íŠ¸ì…°ì´ì»¤ M/V"|"í•˜íŠ¸ì…°ì´ì»¤ MV"|"í•˜íŠ¸ì…°ì´ì»¤ ë®¤ì§ë¹„ë””ì˜¤"|"í•˜íŠ¸ì…°ì´ì»¤ ë®¤ë¹„"|"í•˜íŠ¸ì…°ì´ì»¤ Music Video"|"TWICE M/V"|"TWICE MV"|"TWICE Music Video"|"TWICE ë®¤ì§ë¹„ë””ì˜¤"|"TWICE ë®¤ë¹„"|"íŠ¸ì™€ì´ìŠ¤ M/V"|"íŠ¸ì™€ì´ìŠ¤ MV"|"íŠ¸ì™€ì´ìŠ¤ Music Video"|"íŠ¸ì™€ì´ìŠ¤ ë®¤ì§ë¹„ë””ì˜¤"|"íŠ¸ì™€ì´ìŠ¤ ë®¤ë¹„"|"TWICE Merry Happy"|"íŠ¸ì™€ì´ìŠ¤ Merry Happy"|"íŠ¸ì™€ì´ìŠ¤ ë©”ë¦¬ í•´í”¼"|"Merry Happy"|"Merry & Happy"|"ë©”ë¦¬í•´í”¼",28475675,850681,78138,137057,False,False,False,Estrella,,2.98,.27
rRzxEiBLQCA,17.16.12,"TWICE Heart Shaker M/V","jypentertainment",10,2017-12-11T08:59:59.000Z,"TWICE Heart Shaker"|"TWICE í•˜íŠ¸ì…°ì´ì»¤"|"íŠ¸ì™€ì´ìŠ¤ Heart Shaker"|"íŠ¸ì™€ì´ìŠ¤ í•˜íŠ¸ì…°ì´ì»¤"|"Heart Shaker"|"í•˜íŠ¸ì…°ì´ì»¤"|"TWICE"|"íŠ¸ì™€ì´ìŠ¤"|"Heart Shaker M/V"|"Heart Shaker MV"|"Heart Shaker Music Video"|"Heart Shaker ë®¤ì§ë¹„ë””ì˜¤"|"Heart Shaker ë®¤ë¹„"|"í•˜íŠ¸ì…°ì´ì»¤ M/V"|"í•˜íŠ¸ì…°ì´ì»¤ MV"|"í•˜íŠ¸ì…°ì´ì»¤ ë®¤ì§ë¹„ë””ì˜¤"|"í•˜íŠ¸ì…°ì´ì»¤ ë®¤ë¹„"|"í•˜íŠ¸ì…°ì´ì»¤ Music Video"|"TWICE M/V"|"TWICE MV"|"TWICE Music Video"|"TWICE ë®¤ì§ë¹„ë””ì˜¤"|"TWICE ë®¤ë¹„"|"íŠ¸ì™€ì´ìŠ¤ M/V"|"íŠ¸ì™€ì´ìŠ¤ MV"|"íŠ¸ì™€ì´ìŠ¤ Music Video"|"íŠ¸ì™€ì´ìŠ¤ ë®¤ì§ë¹„ë””ì˜¤"|"íŠ¸ì™€ì´ìŠ¤ ë®¤ë¹„"|"TWICE Merry Happy"|"íŠ¸ì™€ì´ìŠ¤ Merry Happy"|"íŠ¸ì™€ì´ìŠ¤ ë©”ë¦¬ í•´í”¼"|"Merry Happy"|"Merry & Happy"|"ë©”ë¦¬í•´í”¼",33896316,899123,84384,147922,False,False,False,Estrella,,2.65,.24
wzKL-bQKcgA,17.18.12,"Anitta & J Balvin - Downtown (Official Lyric Video) ft. Lele Pons & Juanpa Zurita","Lele Pons",23,2017-12-14T18:30:08.000Z,"anitta j balvin downtown official lyric video ft lele pons juanpa zurita"|"anitta"|"balvin"|"downtown"|"official"|"lyric"|"video"|"ft"|"lele"|"pons"|"juanpa"|"zurita"|"whose dog is it"|"latino hunger games"|"keeping up with the gonzalezs pt 3"|"Anitta & J Balvin - Downtown (Official Lyric Video) ft. Lele Pons & Juanpa Zurita"|"lelepons"|"hannahstocking"|"rudymancuso"|"inanna"|"anwar"|"sarkis"|"shots"|"shotsstudios"|"alesso"|"brazil",11375606,692950,21286,37240,False,False,False,Estrella,,6.09,.18
X8sSXU-J8fI,17.22.12,"Ozuna - La Modelo Ft Cardi B ( Video Oficial )","Ozuna",10,2017-12-19T19:00:31.000Z,"Ozuna"|"Reggaeton"|"Odisea"|"Odisea The Album"|"La Modelo"|"Cardi B"|"Video Oficial"|"Music Video"|"Latin Music",12311891,415014,17503,23442,False,False,False,Estrella,,3.37,.14
X8sSXU-J8fI,17.23.12,"Ozuna - La Modelo Ft Cardi B ( Video Oficial )","Ozuna",10,2017-12-19T19:00:31.000Z,"Ozuna"|"Reggaeton"|"Odisea"|"Odisea The Album"|"La Modelo"|"Cardi B"|"Video Oficial"|"Music Video"|"Latin Music",16207530,479977,21696,24832,False,False,False,Estrella,,2.96,.13
X8sSXU-J8fI,17.24.12,"Ozuna - La Modelo Ft Cardi B ( Video Oficial )","Ozuna",10,2017-12-19T19:00:31.000Z,"Ozuna"|"Reggaeton"|"Odisea"|"Odisea The Album"|"La Modelo"|"Cardi B"|"Video Oficial"|"Music Video"|"Latin Music",19806182,528453,25539,26557,False,False,False,Estrella,,2.66,.12
X8sSXU-J8fI,17.25.12,"Ozuna - La Modelo Ft Cardi B ( Video Oficial )","Ozuna",10,2017-12-19T19:00:31.000Z,"Ozuna"|"Reggaeton"|"Odisea"|"Odisea The Album"|"La Modelo"|"Cardi B"|"Video Oficial"|"Music Video"|"Latin Music",23232299,560449,28201,27607,False,False,False,Estrella,,2.41,.12
ryr75N0nki0,17.29.12,"Eminem - Walk On Water (Official Video) ft. BeyoncÃ©","EminemVEVO",10,2017-12-24T03:30:08.000Z,"Eminem"|"Walk"|"On"|"Water"|"Aftermath"|"Shady"|"Interscope"|"Rap"|"Eminem Walk On Water"|"Walk on Water video"|"Walk on Water official"|"Eminem videos"|"Beyonce videos"|"Eminem BeyoncÃ©"|"BeyoncÃ© Walk On Water"|"Eminem featuring BeyoncÃ©"|"Eminem 2017"|"New Eminem"|"New BeyoncÃ©"|"BeyoncÃ© 2017"|"New Eminem 2017"|"Revival 2017"|"Eminem Revival"|"Eminem single"|"Eminem single 2017"|"Eminem Songs"|"Eminem album"|"Eminem all songs",10681470,584192,29287,56301,False,False,False,Estrella,,5.46,.27
LsoLEjrDogU,18.05.01,"Bruno Mars - Finesse (Remix) [Feat. Cardi B] [Official Video]","Bruno Mars",10,2018-01-04T04:49:43.000Z,"Bruno Mars"|"Finesse"|"Cardi B"|"Finesse Remix"|"Bruno"|"Mars"|"Cardi"|"official video"|"Pop"|"Hip hop"|"R&B"|"Atlantic Records"|"Atlantic"|"In Living Color",12882641,925676,24981,70909,False,False,False,Estrella,,7.18,.19
LsoLEjrDogU,18.06.01,"Bruno Mars - Finesse (Remix) [Feat. Cardi B] [Official Video]","Bruno Mars",10,2018-01-04T04:49:43.000Z,"Bruno Mars"|"Finesse"|"Cardi B"|"Finesse Remix"|"Bruno"|"Mars"|"Cardi"|"official video"|"Pop"|"Hip hop"|"R&B"|"Atlantic Records"|"Atlantic"|"In Living Color",23983717,1326435,40736,98170,False,False,False,Estrella,,5.53,.16
LsoLEjrDogU,18.07.01,"Bruno Mars - Finesse (Remix) [Feat. Cardi B] [Official Video]","Bruno Mars",10,2018-01-04T04:49:43.000Z,"Bruno Mars"|"Finesse"|"Cardi B"|"Finesse Remix"|"Bruno"|"Mars"|"Cardi"|"official video"|"Pop"|"Hip hop"|"R&B"|"Atlantic Records"|"Atlantic"|"In Living Color",31680160,1510625,49497,109420,False,False,False,Estrella,,4.76,.15
LsoLEjrDogU,18.08.01,"Bruno Mars - Finesse (Remix) [Feat. Cardi B] [Official Video]","Bruno Mars",10,2018-01-04T04:49:43.000Z,"Bruno Mars"|"Finesse"|"Cardi B"|"Finesse Remix"|"Bruno"|"Mars"|"Cardi"|"official video"|"Pop"|"Hip hop"|"R&B"|"Atlantic Records"|"Atlantic"|"In Living Color",37728802,1629947,56305,116255,False,False,False,Estrella,,4.32,.14
gA-NDZb29I4,18.08.01,"Justin Timberlake - Filthy (Official Video)","justintimberlakeVEVO",10,2018-01-05T05:00:01.000Z,"Filthy"|"Justin Timberlake"|"Pop"|"RCA Records Label",12405277,225071,49516,26663,False,False,False,Estrella,,1.81,.39
gA-NDZb29I4,18.09.01,"Justin Timberlake - Filthy (Official Video)","justintimberlakeVEVO",10,2018-01-05T05:00:01.000Z,"Filthy"|"Justin Timberlake"|"Pop"|"RCA Records Label",14409910,247120,53803,30092,False,False,False,Estrella,,1.71,.37
LsoLEjrDogU,18.09.01,"Bruno Mars - Finesse (Remix) [Feat. Cardi B] [Official Video]","Bruno Mars",10,2018-01-04T04:49:43.000Z,"Bruno Mars"|"Finesse"|"Cardi B"|"Finesse Remix"|"Bruno"|"Mars"|"Cardi"|"official video"|"Pop"|"Hip hop"|"R&B"|"Atlantic Records"|"Atlantic"|"In Living Color",43067983,1717177,61567,123379,False,False,False,Estrella,,3.98,.14
FVRPzwb1Vi4,18.13.01,"Natti Natasha âŒ  Bad Bunny - Amantes de Una Noche ğŸ‘©ğŸ» ğŸŒ¹ğŸ°  [Official Video]","Pina Records",10,2018-01-11T21:01:26.000Z,"pina records"|"natti natasha"|"bad bunny"|"amantes de una noche"|"amantes"|"de"|"una"|"noche"|"Natti Natasha X Bad Bunny"|"Criminal ft. Ozuna"|"ozuna"|"Enrique Iglesias"|"El BaÃ±o"|"ğŸ‘©ğŸ»"|"ğŸ°"|"natti"|"natasha"|"bad"|"bunny"|"official"|"video"|"amantes de una noche official video"|"amantes de una noche video oficial"|"natti natasha x bad bunny"|"natti amantes de una noche"|"bad bunny amantes de una noche"|"natty"|"natty amantes"|"bad amantes"|"bad bunny natti natasha"|"bunny amantes"|"bunny noche"|"bad noche",11991672,412821,36300,24750,False,False,False,Estrella,,3.44,.30
Mgfe5tIwOj0,18.15.01,"Dua Lipa - IDGAF (Official Music Video)","Dua Lipa",10,2018-01-12T12:00:07.000Z,"dua lipa"|"idgaf"|"dl1"|"I don't give a fuck"|"dua idgaf"|"dua lipa official"|"dua new video"|"dua lipa video"|"dua leepa"|"warner bros records"|"warner Bros"|"so i cut you off"|"dua lipa i dont give a fuck"|"Pop"|"Dance"|"2018"|"Debut Album"|"I Don't Give A F"|"Dueling Duas"|"Dueling Lipas"|"Double Dua"|"Double Lipa"|"Dueling Dua Lipas"|"Double Dua Lipas",14352100,914999,22034,44394,False,False,False,Estrella,,6.37,.15
Mgfe5tIwOj0,18.16.01,"Dua Lipa - IDGAF (Official Music Video)","Dua Lipa",10,2018-01-12T12:00:07.000Z,"dua lipa"|"idgaf"|"dl1"|"I don't give a fuck"|"dua idgaf"|"dua lipa official"|"dua new video"|"dua lipa video"|"dua leepa"|"warner bros records"|"warner Bros"|"so i cut you off"|"dua lipa i dont give a fuck"|"Pop"|"Dance"|"2018"|"Debut Album"|"I Don't Give A F"|"Dueling Duas"|"Dueling Lipas"|"Double Dua"|"Double Lipa"|"Dueling Dua Lipas"|"Double Dua Lipas",18483417,1057011,26060,48415,False,False,False,Estrella,,5.71,.14
Mgfe5tIwOj0,18.17.01,"Dua Lipa - IDGAF (Official Music Video)","Dua Lipa",10,2018-01-12T12:00:07.000Z,"dua lipa"|"idgaf"|"dl1"|"I don't give a fuck"|"dua idgaf"|"dua lipa official"|"dua new video"|"dua lipa video"|"dua leepa"|"warner bros records"|"warner Bros"|"so i cut you off"|"dua lipa i dont give a fuck"|"Pop"|"Dance"|"2018"|"Debut Album"|"I Don't Give A F"|"Dueling Duas"|"Dueling Lipas"|"Double Dua"|"Double Lipa"|"Dueling Dua Lipas"|"Double Dua Lipas",21748916,1147342,28950,51575,False,False,False,Estrella,,5.27,.13
Mgfe5tIwOj0,18.18.01,"Dua Lipa - IDGAF (Official Music Video)","Dua Lipa",10,2018-01-12T12:00:07.000Z,"dua lipa"|"idgaf"|"dl1"|"I don't give a fuck"|"dua idgaf"|"dua lipa official"|"dua new video"|"dua lipa video"|"dua leepa"|"warner bros records"|"warner Bros"|"so i cut you off"|"dua lipa i dont give a fuck"|"Pop"|"Dance"|"2018"|"Debut Album"|"I Don't Give A F"|"Dueling Duas"|"Dueling Lipas"|"Double Dua"|"Double Lipa"|"Dueling Dua Lipas"|"Double Dua Lipas",24609441,1210593,31214,53610,False,False,False,Estrella,,4.91,.12
eACohWVwTOc,18.22.01,"The Chainsmokers - Sick Boy","ChainsmokersVEVO",10,2018-01-17T15:00:02.000Z,"Dance"|"Disruptor Records/Columbia"|"Sick Boy"|"The Chainsmokers",10073675,439799,14741,25895,False,False,False,Estrella,,4.36,.14
zkG4Xpz6t68,18.28.01,"Shakira - Trap (Official Video) ft. Maluma","shakiraVEVO",10,2018-01-26T14:00:05.000Z,"Shakira ft. Maluma"|"Shakira ft. Maluma Music"|"Shakira ft. Maluma Official Video"|"Shakira ft. Maluma Video"|"Shakira ft. Maluma Video Oficial"|"Trap Official Video"|"Official Video"|"Trap Single"|"Single"|"Shakira ft. Maluma New Single"|"Shakira ft. Maluma Single"|"Shakira ft. Maluma Song"|"Trap new song"|"Trap nueva canciÃ³n"|"Shakira ft. Maluma nuevo sencillo"|"Shakira ft. Maluma Trap"|"Latin Pop"|"Shakira feat. Maluma"|"Sony Music Latin"|"Trap",12528777,486768,84161,59337,False,False,False,Estrella,,3.88,.67
zkG4Xpz6t68,18.29.01,"Shakira - Trap (Official Video) ft. Maluma","shakiraVEVO",10,2018-01-26T14:00:05.000Z,"Shakira ft. Maluma"|"Shakira ft. Maluma Music"|"Shakira ft. Maluma Official Video"|"Shakira ft. Maluma Video"|"Shakira ft. Maluma Video Oficial"|"Trap Official Video"|"Official Video"|"Trap Single"|"Single"|"Shakira ft. Maluma New Single"|"Shakira ft. Maluma Single"|"Shakira ft. Maluma Song"|"Trap new song"|"Trap nueva canciÃ³n"|"Shakira ft. Maluma nuevo sencillo"|"Shakira ft. Maluma Trap"|"Latin Pop"|"Shakira feat. Maluma"|"Sony Music Latin"|"Trap",15924122,542010,98637,67599,False,False,False,Estrella,,3.40,.61
zkG4Xpz6t68,18.30.01,"Shakira - Trap (Official Video) ft. Maluma","shakiraVEVO",10,2018-01-26T14:00:05.000Z,"Shakira ft. Maluma"|"Shakira ft. Maluma Music"|"Shakira ft. Maluma Official Video"|"Shakira ft. Maluma Video"|"Shakira ft. Maluma Video Oficial"|"Trap Official Video"|"Official Video"|"Trap Single"|"Single"|"Shakira ft. Maluma New Single"|"Shakira ft. Maluma Single"|"Shakira ft. Maluma Song"|"Trap new song"|"Trap nueva canciÃ³n"|"Shakira ft. Maluma nuevo sencillo"|"Shakira ft. Maluma Trap"|"Latin Pop"|"Shakira feat. Maluma"|"Sony Music Latin"|"Trap",18524908,580026,109188,77580,False,False,False,Estrella,,3.13,.58
6OcOO1k-vGE,18.31.01,"Bruno Mars and Cardi B - Finesse (LIVE From The 60th GRAMMYs Â®)","Vevo",10,2018-01-29T09:49:15.000Z,"Bruno Mars and Cardi B Finesse R&B",10080696,298773,11450,18549,False,False,False,Estrella,,2.96,.11
8MPbR6Cbwi4,18.31.01,"Justin Timberlake - Say Something (Official Video) ft. Chris Stapleton","justintimberlakeVEVO",10,2018-01-25T17:00:01.000Z,"Justin Timberlake feat. Chris Stapleton"|"Pop"|"RCA Records Label"|"Say Something",12458711,229956,7761,12924,False,False,False,Estrella,,1.84,.06
zkG4Xpz6t68,18.31.01,"Shakira - Trap (Official Video) ft. Maluma","shakiraVEVO",10,2018-01-26T14:00:05.000Z,"Shakira ft. Maluma"|"Shakira ft. Maluma Music"|"Shakira ft. Maluma Official Video"|"Shakira ft. Maluma Video"|"Shakira ft. Maluma Video Oficial"|"Trap Official Video"|"Official Video"|"Trap Single"|"Single"|"Shakira ft. Maluma New Single"|"Shakira ft. Maluma Single"|"Shakira ft. Maluma Song"|"Trap new song"|"Trap nueva canciÃ³n"|"Shakira ft. Maluma nuevo sencillo"|"Shakira ft. Maluma Trap"|"Latin Pop"|"Shakira feat. Maluma"|"Sony Music Latin"|"Trap",20814284,610575,116171,79735,False,False,False,Estrella,,2.93,.55
6OcOO1k-vGE,18.01.02,"Bruno Mars and Cardi B - Finesse (LIVE From The 60th GRAMMYs Â®)","Vevo",10,2018-01-29T09:49:15.000Z,"Bruno Mars and Cardi B Finesse R&B",12729423,335772,14040,20653,False,False,False,Estrella,,2.63,.11
6OcOO1k-vGE,18.02.02,"Bruno Mars and Cardi B - Finesse (LIVE From The 60th GRAMMYs Â®)","Vevo",10,2018-01-29T09:49:15.000Z,"Bruno Mars and Cardi B Finesse R&B",14420602,356087,15201,21788,False,False,False,Estrella,,2.46,.10
0GatOfS-_-w,18.02.02,"THE BEST LIKE A BOSS COMPILATION ğŸ˜ğŸ˜ğŸ˜ AMAZING 10 MINUTES ğŸ˜ğŸ˜µğŸ˜²","oddlysatisfying videos",24,2018-02-01T06:09:01.000Z,[none],10236562,66095,13007,2588,False,False,False,Estrella,,.64,.12
6OcOO1k-vGE,18.03.02,"Bruno Mars and Cardi B - Finesse (LIVE From The 60th GRAMMYs Â®)","Vevo",10,2018-01-29T09:49:15.000Z,"Bruno Mars and Cardi B Finesse R&B",15643726,369976,15821,22464,False,False,False,Estrella,,2.36,.10
J6-8DQALGt4,18.03.02,"Alexa Loses Her Voice â€“ Amazon Super Bowl LII Commercial","amazon",24,2018-01-31T13:59:16.000Z,"super bowl"|"super bowl commercial"|"amazon"|"amazon super bowl"|"amazon echo"|"alexa"|"amazon alexa"|"commercial"|"ad"|"super bowl 2018"|"super bowl LII"|"jeff bezos"|"alexa loses her voice"|"echo loses voice"|"echo"|"echo dot",12062014,33869,1107,2311,False,False,False,Estrella,,.28,0
wfWkmURBNv8,18.03.02,"Ozuna x Romeo Santos - El Farsante Remix","Ozuna",10,2018-01-30T15:00:05.000Z,"Ozuna"|"Reggaeton"|"Odisea"|"Odisea The Album"|"Romeo Santos"|"El Farsante Remix",37597115,769384,46792,40118,False,False,False,Estrella,,2.04,.12
J6-8DQALGt4,18.04.02,"Alexa Loses Her Voice â€“ Amazon Super Bowl LII Commercial","amazon",24,2018-01-31T13:59:16.000Z,"super bowl"|"super bowl commercial"|"amazon"|"amazon super bowl"|"amazon echo"|"alexa"|"amazon alexa"|"commercial"|"ad"|"super bowl 2018"|"super bowl LII"|"jeff bezos"|"alexa loses her voice"|"echo loses voice"|"echo"|"echo dot",17834873,47102,1129,3334,False,False,False,Estrella,,.26,0
BhIEIO0vaBE,18.05.02,"To Our Daughter","Kylie Jenner",22,2018-02-04T20:27:38.000Z,"Kylie Jenner"|"Kylie"|"Travis Scott"|"Baby"|"Annoucement",20921796,0,0,0,True,True,False,Estrella,,0,0
J6-8DQALGt4,18.05.02,"Alexa Loses Her Voice â€“ Amazon Super Bowl LII Commercial","amazon",24,2018-01-31T13:59:16.000Z,"super bowl"|"super bowl commercial"|"amazon"|"amazon super bowl"|"amazon echo"|"alexa"|"amazon alexa"|"commercial"|"ad"|"super bowl 2018"|"super bowl LII"|"jeff bezos"|"alexa loses her voice"|"echo loses voice"|"echo"|"echo dot",25703405,62461,1551,4428,False,False,False,Estrella,,.24,0
BhIEIO0vaBE,18.06.02,"To Our Daughter","Kylie Jenner",22,2018-02-04T20:27:38.000Z,"Kylie Jenner"|"Kylie"|"Travis Scott"|"Baby"|"Annoucement",35832484,0,0,0,True,True,False,Estrella,,0,0
J6-8DQALGt4,18.06.02,"Alexa Loses Her Voice â€“ Amazon Super Bowl LII Commercial","amazon",24,2018-01-31T13:59:16.000Z,"super bowl"|"super bowl commercial"|"amazon"|"amazon super bowl"|"amazon echo"|"alexa"|"amazon alexa"|"commercial"|"ad"|"super bowl 2018"|"super bowl LII"|"jeff bezos"|"alexa loses her voice"|"echo loses voice"|"echo"|"echo dot",34448035,100710,2822,6986,False,False,False,Estrella,,.29,0
BhIEIO0vaBE,18.07.02,"To Our Daughter","Kylie Jenner",22,2018-02-04T20:27:38.000Z,"Kylie Jenner"|"Kylie"|"Travis Scott"|"Baby"|"Annoucement",40801423,0,0,0,True,True,False,Estrella,,0,0
pVxOVlm_lE8,18.07.02,"Marvel Studiosâ€™ Avengers: Infinity War - Big Game Spot","Marvel Entertainment",24,2018-02-05T02:12:09.000Z,"marvel"|"comics"|"comic books"|"nerdy"|"geeky"|"super hero"|"superhero"|"marvel studios"|"infinity war"|"super bowl"|"avengers: infinity war"|"chris evans"|"chadwick boseman"|"black panther"|"black widow"|"scarlett johansson"|"groot"|"thanos"|"winter solider"|"bucky barnes"|"guardians of the galaxy"|"thor"|"mcu"|"spider-man"|"spider man"|"benedict cumberbatch"|"dr. strange"|"doctor strange"|"peter parker"|"tom holland"|"tony stark"|"iron man"|"robert downey junior"|"robert downey jr"|"hulk"|"the incredible hulk",12908071,290083,5326,26854,False,False,False,Estrella,,2.24,.04
BhIEIO0vaBE,18.08.02,"To Our Daughter","Kylie Jenner",22,2018-02-04T20:27:38.000Z,"Kylie Jenner"|"Kylie"|"Travis Scott"|"Baby"|"Annoucement",44818108,0,0,0,True,True,False,Estrella,,0,0
pVxOVlm_lE8,18.08.02,"Marvel Studiosâ€™ Avengers: Infinity War - Big Game Spot","Marvel Entertainment",24,2018-02-05T02:12:09.000Z,"marvel"|"comics"|"comic books"|"nerdy"|"geeky"|"super hero"|"superhero"|"marvel studios"|"infinity war"|"super bowl"|"avengers: infinity war"|"chris evans"|"chadwick boseman"|"black panther"|"black widow"|"scarlett johansson"|"groot"|"thanos"|"winter solider"|"bucky barnes"|"guardians of the galaxy"|"thor"|"mcu"|"spider-man"|"spider man"|"benedict cumberbatch"|"dr. strange"|"doctor strange"|"peter parker"|"tom holland"|"tony stark"|"iron man"|"robert downey junior"|"robert downey jr"|"hulk"|"the incredible hulk",16141230,309557,7190,27714,False,False,False,Estrella,,1.91,.04
BhIEIO0vaBE,18.09.02,"To Our Daughter","Kylie Jenner",22,2018-02-04T20:27:38.000Z,"Kylie Jenner"|"Kylie"|"Travis Scott"|"Baby"|"Annoucement",48635732,0,0,0,True,True,False,Estrella,,0,0
pVxOVlm_lE8,18.09.02,"Marvel Studiosâ€™ Avengers: Infinity War - Big Game Spot","Marvel Entertainment",24,2018-02-05T02:12:09.000Z,"marvel"|"comics"|"comic books"|"nerdy"|"geeky"|"super hero"|"superhero"|"marvel studios"|"infinity war"|"super bowl"|"avengers: infinity war"|"chris evans"|"chadwick boseman"|"black panther"|"black widow"|"scarlett johansson"|"groot"|"thanos"|"winter solider"|"bucky barnes"|"guardians of the galaxy"|"thor"|"mcu"|"spider-man"|"spider man"|"benedict cumberbatch"|"dr. strange"|"doctor strange"|"peter parker"|"tom holland"|"tony stark"|"iron man"|"robert downey junior"|"robert downey jr"|"hulk"|"the incredible hulk",18769906,321288,8645,28288,False,False,False,Estrella,,1.71,.04
BhIEIO0vaBE,18.10.02,"To Our Daughter","Kylie Jenner",22,2018-02-04T20:27:38.000Z,"Kylie Jenner"|"Kylie"|"Travis Scott"|"Baby"|"Annoucement",51243149,0,0,0,True,True,False,Estrella,,0,0
pVxOVlm_lE8,18.10.02,"Marvel Studiosâ€™ Avengers: Infinity War - Big Game Spot","Marvel Entertainment",24,2018-02-05T02:12:09.000Z,"marvel"|"comics"|"comic books"|"nerdy"|"geeky"|"super hero"|"superhero"|"marvel studios"|"infinity war"|"super bowl"|"avengers: infinity war"|"chris evans"|"chadwick boseman"|"black panther"|"black widow"|"scarlett johansson"|"groot"|"thanos"|"winter solider"|"bucky barnes"|"guardians of the galaxy"|"thor"|"mcu"|"spider-man"|"spider man"|"benedict cumberbatch"|"dr. strange"|"doctor strange"|"peter parker"|"tom holland"|"tony stark"|"iron man"|"robert downey junior"|"robert downey jr"|"hulk"|"the incredible hulk",21359741,330087,10115,28706,False,False,False,Estrella,,1.54,.04
kLpH1nSLJSs,18.16.02,"Bad Bunny - Amorfoda | Video Oficial","Bad Bunny",10,2018-02-15T00:00:03.000Z,"Bad"|"Bunny"|"Bad Bunny"|"Video Oficial"|"Music Video"|"Amor Foda"|"Amorfoda"|"No Quiero Que Nadie Me Hable De Amor"|"Ya Me Canse"|"Que nadie me hable de amor"|"San Valentin",14574354,952745,27178,65098,False,False,False,Estrella,,6.53,.18
wfWIs2gFTAM,18.17.02,"Eminem - River ft. Ed Sheeran","EminemVEVO",10,2018-02-14T15:00:06.000Z,"Eminem"|"River"|"Aftermath/Shady/Interscope"|"Rap"|"River video"|"River official video"|"River music video"|"River video Eminem Ed Sheeran"|"River official video Eminem Ed Sheeran"|"River music video Eminem Ed Sheeran"|"Eminem 2017"|"Eminem 2018"|"New Eminem"|"New Eminem 2017"|"New Eminem 2018"|"Eminem Ed Sheeran"|"Eminem Ed Sheeran Collab"|"Eminem River"|"Ed Sheeran River"|"Eminem Ed Sheeran River"|"River ft Ed Sheeran"|"Revival"|"Eminem Revival"|"Revival 2017"|"all",11939132,780459,15433,56001,False,False,False,Estrella,,6.53,.12
kLpH1nSLJSs,18.17.02,"Bad Bunny - Amorfoda | Video Oficial","Bad Bunny",10,2018-02-15T00:00:03.000Z,"Bad"|"Bunny"|"Bad Bunny"|"Video Oficial"|"Music Video"|"Amor Foda"|"Amorfoda"|"No Quiero Que Nadie Me Hable De Amor"|"Ya Me Canse"|"Que nadie me hable de amor"|"San Valentin",23613210,1261668,39887,80064,False,False,False,Estrella,,5.34,.16
wfWIs2gFTAM,18.18.02,"Eminem - River ft. Ed Sheeran","EminemVEVO",10,2018-02-14T15:00:06.000Z,"Eminem"|"River"|"Aftermath/Shady/Interscope"|"Rap"|"River video"|"River official video"|"River music video"|"River video Eminem Ed Sheeran"|"River official video Eminem Ed Sheeran"|"River music video Eminem Ed Sheeran"|"Eminem 2017"|"Eminem 2018"|"New Eminem"|"New Eminem 2017"|"New Eminem 2018"|"Eminem Ed Sheeran"|"Eminem Ed Sheeran Collab"|"Eminem River"|"Ed Sheeran River"|"Eminem Ed Sheeran River"|"River ft Ed Sheeran"|"Revival"|"Eminem Revival"|"Revival 2017"|"all",14624941,869985,17637,59216,False,False,False,Estrella,,5.94,.12
kLpH1nSLJSs,18.18.02,"Bad Bunny - Amorfoda | Video Oficial","Bad Bunny",10,2018-02-15T00:00:03.000Z,"Bad"|"Bunny"|"Bad Bunny"|"Video Oficial"|"Music Video"|"Amor Foda"|"Amorfoda"|"No Quiero Que Nadie Me Hable De Amor"|"Ya Me Canse"|"Que nadie me hable de amor"|"San Valentin",32880238,1497621,49372,90246,False,False,False,Estrella,,4.55,.15
xpVfcZ0ZcFM,18.19.02,"Drake - Godâ€™s Plan","DrakeVEVO",10,2018-02-17T05:00:01.000Z,"Drake new music"|"Drake Gods Plan"|"Drake Godâ€™s Plan"|"Scary Hours"|"Drake Charity Giveaway"|"Drake in Miami",17059675,1431544,12850,100523,False,False,False,Estrella,,8.39,.07
wfWIs2gFTAM,18.19.02,"Eminem - River ft. Ed Sheeran","EminemVEVO",10,2018-02-14T15:00:06.000Z,"Eminem"|"River"|"Aftermath/Shady/Interscope"|"Rap"|"River video"|"River official video"|"River music video"|"River video Eminem Ed Sheeran"|"River official video Eminem Ed Sheeran"|"River music video Eminem Ed Sheeran"|"Eminem 2017"|"Eminem 2018"|"New Eminem"|"New Eminem 2017"|"New Eminem 2018"|"Eminem Ed Sheeran"|"Eminem Ed Sheeran Collab"|"Eminem River"|"Ed Sheeran River"|"Eminem Ed Sheeran River"|"River ft Ed Sheeran"|"Revival"|"Eminem Revival"|"Revival 2017"|"all",17403821,948050,19583,61454,False,False,False,Estrella,,5.44,.11
xpVfcZ0ZcFM,18.20.02,"Drake - Godâ€™s Plan","DrakeVEVO",10,2018-02-17T05:00:01.000Z,"Drake new music"|"Drake Gods Plan"|"Drake Godâ€™s Plan"|"Scary Hours"|"Drake Charity Giveaway"|"Drake in Miami",23945951,1815672,18163,121386,False,False,False,Estrella,,7.58,.07
wfWIs2gFTAM,18.20.02,"Eminem - River ft. Ed Sheeran","EminemVEVO",10,2018-02-14T15:00:06.000Z,"Eminem"|"River"|"Aftermath/Shady/Interscope"|"Rap"|"River video"|"River official video"|"River music video"|"River video Eminem Ed Sheeran"|"River official video Eminem Ed Sheeran"|"River music video Eminem Ed Sheeran"|"Eminem 2017"|"Eminem 2018"|"New Eminem"|"New Eminem 2017"|"New Eminem 2018"|"Eminem Ed Sheeran"|"Eminem Ed Sheeran Collab"|"Eminem River"|"Ed Sheeran River"|"Eminem Ed Sheeran River"|"River ft Ed Sheeran"|"Revival"|"Eminem Revival"|"Revival 2017"|"all",20324769,1013533,21269,63248,False,False,False,Estrella,,4.98,.10
xpVfcZ0ZcFM,18.21.02,"Drake - Godâ€™s Plan","DrakeVEVO",10,2018-02-17T05:00:01.000Z,"Drake new music"|"Drake Gods Plan"|"Drake Godâ€™s Plan"|"Scary Hours"|"Drake Charity Giveaway"|"Drake in Miami",28866802,1997355,21453,131284,False,False,False,Estrella,,6.91,.07
xpVfcZ0ZcFM,18.22.02,"Drake - Godâ€™s Plan","DrakeVEVO",10,2018-02-17T05:00:01.000Z,"Drake new music"|"Drake Gods Plan"|"Drake Godâ€™s Plan"|"Scary Hours"|"Drake Charity Giveaway"|"Drake in Miami",33591858,2152153,24525,140517,False,False,False,Estrella,,6.40,.07
xpVfcZ0ZcFM,18.23.02,"Drake - Godâ€™s Plan","DrakeVEVO",10,2018-02-17T05:00:01.000Z,"Drake new music"|"Drake Gods Plan"|"Drake Godâ€™s Plan"|"Scary Hours"|"Drake Charity Giveaway"|"Drake in Miami",39356534,2299177,27699,148562,False,False,False,Estrella,,5.84,.07
xpVfcZ0ZcFM,18.24.02,"Drake - Godâ€™s Plan","DrakeVEVO",10,2018-02-17T05:00:01.000Z,"Drake new music"|"Drake Gods Plan"|"Drake Godâ€™s Plan"|"Scary Hours"|"Drake Charity Giveaway"|"Drake in Miami",47362934,2469057,31843,158262,False,False,False,Estrella,,5.21,.06
ad_higXixRA,18.26.02,"Billionaire Bill Gates Guesses Grocery Store Prices","TheEllenShow",24,2018-02-21T14:01:59.000Z,"Ellen"|"degeneres"|"ellen degeneres"|"the ellen show"|"ellen fans"|"ellentube"|"ellen audience"|"billionaire"|"billionaires"|"bill gates"|"bill"|"gates"|"microsoft"|"pc software"|"software"|"guesses"|"guess"|"grocery store prices"|"prices grocery store"|"grocery"|"groceries"|"worlds wealthiest person"|"wealthy"|"philanthropist"|"bill and melinda gates foundation"|"forbes"|"forbes richest person"|"american business magnate"|"investor"|"humanitarian"|"microsoft founder"|"funny"|"hilarious"|"game"|"price is right"|"viral"|"totinos",10236502,140374,7792,10642,False,False,False,Estrella,,1.37,.07
-BQJo3vK8O8,18.10.03,"Maluma - El PrÃ©stamo (Official Video)","MalumaVEVO",10,2018-03-09T11:00:01.000Z,"Maluma Music"|"Maluma Official Video"|"Maluma Video"|"Maluma Video Oficial"|"Maluma Nuevo Video"|"Maluma New Video"|"El Prestamo"|"El Prestamo Official Video"|"El Prestamo Official Remix Video"|"El Prestamo Single"|"Maluma New Single"|"Maluma Single"|"Maluma Song"|"El Prestamo new song"|"El Prestamo nueva canciÃ³n"|"Maluma nueva cancion"|"Maluma sencillo"|"Maluma nuevo sencillo"|"Maluma El Prestamo"|"Maluma F.A.M.E"|"Maluma F.A.M.EF.A.M.E"|"El Prestamo BTS"|"El"|"the",16158061,303538,20676,16932,False,False,False,Estrella,,1.87,.12
-BQJo3vK8O8,18.11.03,"Maluma - El PrÃ©stamo (Official Video)","MalumaVEVO",10,2018-03-09T11:00:01.000Z,"Maluma Music"|"Maluma Official Video"|"Maluma Video"|"Maluma Video Oficial"|"Maluma Nuevo Video"|"Maluma New Video"|"El Prestamo"|"El Prestamo Official Video"|"El Prestamo Official Remix Video"|"El Prestamo Single"|"Maluma New Single"|"Maluma Single"|"Maluma Song"|"El Prestamo new song"|"El Prestamo nueva canciÃ³n"|"Maluma nueva cancion"|"Maluma sencillo"|"Maluma nuevo sencillo"|"Maluma El Prestamo"|"Maluma F.A.M.E"|"Maluma F.A.M.EF.A.M.E"|"El Prestamo BTS"|"El"|"the",24907224,420320,32198,22285,False,False,False,Estrella,,1.68,.12
lhnmVSB-Rxc,18.12.03,"Saad Lamjarred - Ghazali (EXCLUSIVE Music Video) | 2018 | Ø³Ø¹Ø¯ Ù„Ù…Ø¬Ø±Ø¯ - ØºØ²Ø§Ù„ÙŠ ( ÙÙŠØ¯ÙŠÙˆ ÙƒÙ„ÙŠØ¨ Ø­ØµØ±ÙŠØ§Ù‹)","Saad Lamjarred | Ø³Ø¹Ø¯ Ù„Ù…Ø¬Ø±Ø¯",10,2018-03-09T20:07:01.000Z,"Ghazali"|"ØºØ²Ø§Ù„ÙŠ"|"Saad Lamjarred"|"Ø³Ø¹Ø¯ Ù„Ù…Ø¬Ø±Ø¯"|"saad lamjarred"|"saad lamjarred 2018"|"saad lamjarred - waadini ÙˆØ¹Ø¯ÙŠÙ†ÙŠ lyrics"|"saad lamjarred lmima ÙŠØ§ Ù„Ù…ÙŠÙ…Ø©"|"saad lamjarred Ù„Ù…Ù† Ù†Ø´ÙƒÙŠ"|"saad lamjarred Ù†ØªÙŠ Ø³Ø¨Ø§Ø¨ÙŠ",12615779,476454,66204,78712,False,False,False,Estrella,,3.77,.52
-BQJo3vK8O8,18.12.03,"Maluma - El PrÃ©stamo (Official Video)","MalumaVEVO",10,2018-03-09T11:00:01.000Z,"Maluma Music"|"Maluma Official Video"|"Maluma Video"|"Maluma Video Oficial"|"Maluma Nuevo Video"|"Maluma New Video"|"El Prestamo"|"El Prestamo Official Video"|"El Prestamo Official Remix Video"|"El Prestamo Single"|"Maluma New Single"|"Maluma Single"|"Maluma Song"|"El Prestamo new song"|"El Prestamo nueva canciÃ³n"|"Maluma nueva cancion"|"Maluma sencillo"|"Maluma nuevo sencillo"|"Maluma El Prestamo"|"Maluma F.A.M.E"|"Maluma F.A.M.EF.A.M.E"|"El Prestamo BTS"|"El"|"the",31870855,488618,39397,24832,False,False,False,Estrella,,1.53,.12
tCXGJQYZ9JA,18.13.03,"Taylor Swift - Delicate","TaylorSwiftVEVO",10,2018-03-12T01:15:10.000Z,"Taylor Swift"|"Delicate"|"Big"|"Machine"|"Records"|"LLC"|"Pop",14820746,983710,44255,97504,False,False,False,Estrella,,6.63,.29
lhnmVSB-Rxc,18.13.03,"Saad Lamjarred - Ghazali (EXCLUSIVE Music Video) | 2018 | Ø³Ø¹Ø¯ Ù„Ù…Ø¬Ø±Ø¯ - ØºØ²Ø§Ù„ÙŠ ( ÙÙŠØ¯ÙŠÙˆ ÙƒÙ„ÙŠØ¨ Ø­ØµØ±ÙŠØ§Ù‹)","Saad Lamjarred | Ø³Ø¹Ø¯ Ù„Ù…Ø¬Ø±Ø¯",10,2018-03-09T20:07:01.000Z,"Ghazali"|"ØºØ²Ø§Ù„ÙŠ"|"Saad Lamjarred"|"Ø³Ø¹Ø¯ Ù„Ù…Ø¬Ø±Ø¯"|"saad lamjarred"|"saad lamjarred 2018"|"saad lamjarred - waadini ÙˆØ¹Ø¯ÙŠÙ†ÙŠ lyrics"|"saad lamjarred lmima ÙŠØ§ Ù„Ù…ÙŠÙ…Ø©"|"saad lamjarred Ù„Ù…Ù† Ù†Ø´ÙƒÙŠ"|"saad lamjarred Ù†ØªÙŠ Ø³Ø¨Ø§Ø¨ÙŠ",15513716,528555,75763,87136,False,False,False,Estrella,,3.40,.48
-BQJo3vK8O8,18.13.03,"Maluma - El PrÃ©stamo (Official Video)","MalumaVEVO",10,2018-03-09T11:00:01.000Z,"Maluma Music"|"Maluma Official Video"|"Maluma Video"|"Maluma Video Oficial"|"Maluma Nuevo Video"|"Maluma New Video"|"El Prestamo"|"El Prestamo Official Video"|"El Prestamo Official Remix Video"|"El Prestamo Single"|"Maluma New Single"|"Maluma Single"|"Maluma Song"|"El Prestamo new song"|"El Prestamo nueva canciÃ³n"|"Maluma nueva cancion"|"Maluma sencillo"|"Maluma nuevo sencillo"|"Maluma El Prestamo"|"Maluma F.A.M.E"|"Maluma F.A.M.EF.A.M.E"|"El Prestamo BTS"|"El"|"the",39575633,535990,44422,26621,False,False,False,Estrella,,1.35,.11
tCXGJQYZ9JA,18.14.03,"Taylor Swift - Delicate","TaylorSwiftVEVO",10,2018-03-12T01:15:10.000Z,"Taylor Swift"|"Delicate"|"Big"|"Machine"|"Records"|"LLC"|"Pop",24262331,1249405,64941,121243,False,False,False,Estrella,,5.14,.26
lhnmVSB-Rxc,18.14.03,"Saad Lamjarred - Ghazali (EXCLUSIVE Music Video) | 2018 | Ø³Ø¹Ø¯ Ù„Ù…Ø¬Ø±Ø¯ - ØºØ²Ø§Ù„ÙŠ ( ÙÙŠØ¯ÙŠÙˆ ÙƒÙ„ÙŠØ¨ Ø­ØµØ±ÙŠØ§Ù‹)","Saad Lamjarred | Ø³Ø¹Ø¯ Ù„Ù…Ø¬Ø±Ø¯",10,2018-03-09T20:07:01.000Z,"Ghazali"|"ØºØ²Ø§Ù„ÙŠ"|"Saad Lamjarred"|"Ø³Ø¹Ø¯ Ù„Ù…Ø¬Ø±Ø¯"|"saad lamjarred"|"saad lamjarred 2018"|"saad lamjarred - waadini ÙˆØ¹Ø¯ÙŠÙ†ÙŠ lyrics"|"saad lamjarred lmima ÙŠØ§ Ù„Ù…ÙŠÙ…Ø©"|"saad lamjarred Ù„Ù…Ù† Ù†Ø´ÙƒÙŠ"|"saad lamjarred Ù†ØªÙŠ Ø³Ø¨Ø§Ø¨ÙŠ",18246279,565895,82564,93253,False,False,False,Estrella,,3.10,.45
-BQJo3vK8O8,18.14.03,"Maluma - El PrÃ©stamo (Official Video)","MalumaVEVO",10,2018-03-09T11:00:01.000Z,"Maluma Music"|"Maluma Official Video"|"Maluma Video"|"Maluma Video Oficial"|"Maluma Nuevo Video"|"Maluma New Video"|"El Prestamo"|"El Prestamo Official Video"|"El Prestamo Official Remix Video"|"El Prestamo Single"|"Maluma New Single"|"Maluma Single"|"Maluma Song"|"El Prestamo new song"|"El Prestamo nueva canciÃ³n"|"Maluma nueva cancion"|"Maluma sencillo"|"Maluma nuevo sencillo"|"Maluma El Prestamo"|"Maluma F.A.M.E"|"Maluma F.A.M.EF.A.M.E"|"El Prestamo BTS"|"El"|"the",44725448,575878,48583,28152,False,False,False,Estrella,,1.28,.10
sS0LCjOiIhc,18.14.03,"GOT7 Look M/V","jypentertainment",10,2018-03-12T09:00:02.000Z,"JYP Entertainment"|"JYP"|"GOT7"|"ê°“ì„¸ë¸"|"GOT7 JB"|"GOT7 ì­ìŠ¨"|"GOT7 ì§„ì˜"|"GOT7 ìœ ê²¸"|"GOT7 ì˜ì¬"|"GOT7 ë§ˆí¬"|"GOT7 ë±€ë±€"|"GOT7 Jackson"|"GOT7 Jinyoung"|"GOT7 Yugyeom"|"GOT7 Youngjae"|"GOT7 Mark"|"GOT7 BamBam"|"ê°“ì„¸ë¸ JB"|"ê°“ì„¸ë¸ ì­ìŠ¨"|"ê°“ì„¸ë¸ ì§„ì˜"|"ê°“ì„¸ë¸ ìœ ê²¸"|"ê°“ì„¸ë¸ ì˜ì¬"|"ê°“ì„¸ë¸ ë§ˆí¬"|"ê°“ì„¸ë¸ ë±€ë±€"|"JB"|"ì­ìŠ¨"|"ì§„ì˜"|"ìœ ê²¸"|"ì˜ì¬"|"ë§ˆí¬"|"ë±€ë±€"|"Jackson"|"Jinyoung"|"Yugyeom"|"Youngjae"|"Mark"|"BamBam"|"ê°“ì„¸ë¸ ë®¤ë¹„"|"GOT7 Look"|"ê°“ì„¸ë¸ ë£©"|"ê°“ì„¸ë¸ look"|"Look"|"ë£©"|"ë£© ë®¤ë¹„"|"got7 mv"|"look mv"|"look music video"|"eyes on you"|"ì•„ì´ì¦ˆì˜¨ìœ "|"got7 eyes on you"|"got7 music video"|"got7 look mv",13537642,806484,7138,128441,False,False,False,Estrella,,5.95,.05
tCXGJQYZ9JA,18.15.03,"Taylor Swift - Delicate","TaylorSwiftVEVO",10,2018-03-12T01:15:10.000Z,"Taylor Swift"|"Delicate"|"Big"|"Machine"|"Records"|"LLC"|"Pop",29923522,1395752,76072,133691,False,False,False,Estrella,,4.66,.25
sS0LCjOiIhc,18.15.03,"GOT7 Look M/V","jypentertainment",10,2018-03-12T09:00:02.000Z,"JYP Entertainment"|"JYP"|"GOT7"|"ê°“ì„¸ë¸"|"GOT7 JB"|"GOT7 ì­ìŠ¨"|"GOT7 ì§„ì˜"|"GOT7 ìœ ê²¸"|"GOT7 ì˜ì¬"|"GOT7 ë§ˆí¬"|"GOT7 ë±€ë±€"|"GOT7 Jackson"|"GOT7 Jinyoung"|"GOT7 Yugyeom"|"GOT7 Youngjae"|"GOT7 Mark"|"GOT7 BamBam"|"ê°“ì„¸ë¸ JB"|"ê°“ì„¸ë¸ ì­ìŠ¨"|"ê°“ì„¸ë¸ ì§„ì˜"|"ê°“ì„¸ë¸ ìœ ê²¸"|"ê°“ì„¸ë¸ ì˜ì¬"|"ê°“ì„¸ë¸ ë§ˆí¬"|"ê°“ì„¸ë¸ ë±€ë±€"|"JB"|"ì­ìŠ¨"|"ì§„ì˜"|"ìœ ê²¸"|"ì˜ì¬"|"ë§ˆí¬"|"ë±€ë±€"|"Jackson"|"Jinyoung"|"Yugyeom"|"Youngjae"|"Mark"|"BamBam"|"ê°“ì„¸ë¸ ë®¤ë¹„"|"GOT7 Look"|"ê°“ì„¸ë¸ ë£©"|"ê°“ì„¸ë¸ look"|"Look"|"ë£©"|"ë£© ë®¤ë¹„"|"got7 mv"|"look mv"|"look music video"|"eyes on you"|"ì•„ì´ì¦ˆì˜¨ìœ "|"got7 eyes on you"|"got7 music video"|"got7 look mv",14756279,858713,8023,150036,False,False,False,Estrella,,5.81,.05
tCXGJQYZ9JA,18.16.03,"Taylor Swift - Delicate","TaylorSwiftVEVO",10,2018-03-12T01:15:10.000Z,"Taylor Swift"|"Delicate"|"Big"|"Machine"|"Records"|"LLC"|"Pop",35218973,1506790,84074,140396,False,False,False,Estrella,,4.27,.23
tCXGJQYZ9JA,18.17.03,"Taylor Swift - Delicate","TaylorSwiftVEVO",10,2018-03-12T01:15:10.000Z,"Taylor Swift"|"Delicate"|"Big"|"Machine"|"Records"|"LLC"|"Pop",39770100,1592493,89676,145338,False,False,False,Estrella,,4.00,.22
tCXGJQYZ9JA,18.18.03,"Taylor Swift - Delicate","TaylorSwiftVEVO",10,2018-03-12T01:15:10.000Z,"Taylor Swift"|"Delicate"|"Big"|"Machine"|"Records"|"LLC"|"Pop",43738208,1658758,94043,148548,False,False,False,Estrella,,3.79,.21
bG9v4nMyl80,18.19.03,"PELICULA Coco COMPLETA HD EspaÃ±ol latino 2018","carlos eduardo braca ortega",22,2018-03-10T18:50:30.000Z,[none],11203544,417156,7915,19410,False,False,False,Estrella,,3.72,.07
nqzIQh2D_Es,18.20.03,"Trending Nakhra (Full Video) | Amrit Maan ft. Ginni Kapoor | Intense || Latest Songs 2018","Bamb Beats",10,2018-03-15T04:29:14.000Z,"Trending Nakhra (FULL SONG) - Amrit Maan | Ginni Kapoor | New Songs 2018"|"trending nakhra amrit maan"|"trending nakhra by amrit maan"|"trending nakhra amrit maan song"|"amrit maan trending nakhra"|"amrit maan new song"|"amrit maan"|"amrit maan songs"|"new songs"|"ginni kapoor"|"ginni kapoor song"|"ginni kapoor new song"|"trending nakhra by ginni kapoor"|"amrit"|"maan"|"ginni"|"kapoor"|"bamb"|"beats"|"trending"|"peg"|"di"|"waashna"|"intense"|"nakhra"|"TRENDING"|"NAKHRA"|"parmish"|"verma"|"shada",12132493,233294,8629,12709,False,False,False,Estrella,,1.92,.07
S78DMLYb8Pw,18.22.03,"India vs Bangladesh final match last over","My Status",22,2018-03-18T19:29:27.000Z,"India vs Bangladesh"|"India"|"Last Over"|"FINAL"|"filal"|"Final"|"Over"|"Overs"|"Final Match"|"Final match",12396009,87883,6193,4697,False,False,False,Estrella,,.70,.04
-rdMnKwHlfE,18.02.04,"Baaghi 2 a. fool..movi...","shaileshkrishna21 devipujak",22,2018-03-30T07:46:13.000Z,[none],14480866,40380,8534,865,False,False,False,Estrella,,.27,.05
FCfP7v9x8HI,18.02.04,"Prince Royce - El Clavo (Official Video)","PrinceRoyceVEVO",10,2018-03-16T04:00:00.000Z,"El Clavo Prince Royce Official Music Video Prince Royce"|"Prince Royce Music"|"Prince Royce Official Video"|"Prince Royce Video"|"Prince Royce Video Oficial"|"Prince Royce Nuevo Video"|"Prince Royce New Video"|"El Clavo Official Video"|"Official Video"|"El Clavo Official Remix Video"|"El Clavo Single"|"Single"|"Prince Royce New Single"|"Prince Royce Single"|"Prince Royce Song"|"El Clavo new song"|"El Clavo nueva canciÃ³n"|"Prince Royce nueva cancion"|"Prince"|"El",23869973,163626,10630,7144,False,False,False,Estrella,,.68,.04
DPxL7dO5XPc,18.14.04,"Lil Pump - ESSKEETIT (Official Music Video)","Lil pump",10,2018-04-13T03:59:40.000Z,"lilpump"|"esskeetit"|"esskeetitmusicvideo"|"eskeeti"|"eskeetit"|"lil pump"|"gucci gang"|"trapper"|"rap music"|"hip hop music"|"trap music"|"pump",11500696,924164,48746,109497,False,False,False,Estrella,,8.03,.42
J-dv_DcDD_A,18.14.04,"ZAYN - Let Me (Official Video)","ZaynVEVO",10,2018-04-12T12:00:04.000Z,"Let Me"|"Pop"|"RCA Records Label"|"ZAYN",11188755,799893,16434,66115,False,False,False,Estrella,,7.14,.14
DPxL7dO5XPc,18.15.04,"Lil Pump - ESSKEETIT (Official Music Video)","Lil pump",10,2018-04-13T03:59:40.000Z,"lilpump"|"esskeetit"|"esskeetitmusicvideo"|"eskeeti"|"eskeetit"|"lil pump"|"gucci gang"|"trapper"|"rap music"|"hip hop music"|"trap music"|"pump"|"4LfJnj66HVQ"|"9alXo1OXTec"|"xjUiFeDKo_0"|"X83fT0QdgX4"|"6Prfg3vyZkA",17607193,1152803,71312,132489,False,False,False,Estrella,,6.54,.40
J-dv_DcDD_A,18.15.04,"ZAYN - Let Me (Official Video)","ZaynVEVO",10,2018-04-12T12:00:04.000Z,"Let Me"|"Pop"|"RCA Records Label"|"ZAYN",13672159,868551,18387,70263,False,False,False,Estrella,,6.35,.13
DPxL7dO5XPc,18.16.04,"Lil Pump - ESSKEETIT (Official Music Video)","Lil pump",10,2018-04-13T03:59:40.000Z,"lilpump"|"esskeetit"|"esskeetitmusicvideo"|"eskeeti"|"eskeetit"|"lil pump"|"gucci gang"|"trapper"|"rap music"|"hip hop music"|"trap music"|"pump"|"4LfJnj66HVQ"|"9alXo1OXTec"|"xjUiFeDKo_0"|"X83fT0QdgX4"|"6Prfg3vyZkA",23332762,1323210,94384,152117,False,False,False,Estrella,,5.67,.40
J-dv_DcDD_A,18.16.04,"ZAYN - Let Me (Official Video)","ZaynVEVO",10,2018-04-12T12:00:04.000Z,"Let Me"|"Pop"|"RCA Records Label"|"ZAYN",16585986,941517,20964,74811,False,False,False,Estrella,,5.67,.12
DPxL7dO5XPc,18.17.04,"Lil Pump - ESSKEETIT (Official Music Video)","Lil pump",10,2018-04-13T03:59:40.000Z,"lilpump"|"esskeetit"|"esskeetitmusicvideo"|"eskeeti"|"eskeetit"|"lil pump"|"gucci gang"|"trapper"|"rap music"|"hip hop music"|"trap music"|"pump"|"4LfJnj66HVQ"|"9alXo1OXTec"|"xjUiFeDKo_0"|"X83fT0QdgX4"|"6Prfg3vyZkA",28997182,1461132,112987,161259,False,False,False,Estrella,,5.03,.38
J-dv_DcDD_A,18.17.04,"ZAYN - Let Me (Official Video)","ZaynVEVO",10,2018-04-12T12:00:04.000Z,"Let Me"|"Pop"|"RCA Records Label"|"ZAYN",19859201,1006424,23157,77820,False,False,False,Estrella,,5.06,.11
DPxL7dO5XPc,18.18.04,"Lil Pump - ESSKEETIT (Official Music Video)","Lil pump",10,2018-04-13T03:59:40.000Z,"lilpump"|"esskeetit"|"esskeetitmusicvideo"|"eskeeti"|"eskeetit"|"lil pump"|"gucci gang"|"trapper"|"rap music"|"hip hop music"|"trap music"|"pump"|"4LfJnj66HVQ"|"9alXo1OXTec"|"xjUiFeDKo_0"|"X83fT0QdgX4"|"6Prfg3vyZkA",34816313,1585834,132734,175622,False,False,False,Estrella,,4.55,.38
DPxL7dO5XPc,18.19.04,"Lil Pump - ESSKEETIT (Official Music Video)","Lil pump",10,2018-04-13T03:59:40.000Z,"lilpump"|"esskeetit"|"esskeetitmusicvideo"|"eskeeti"|"eskeetit"|"lil pump"|"gucci gang"|"trapper"|"rap music"|"hip hop music"|"trap music"|"pump"|"4LfJnj66HVQ"|"9alXo1OXTec"|"xjUiFeDKo_0"|"X83fT0QdgX4"|"6Prfg3vyZkA",40671623,1696151,147891,187580,False,False,False,Estrella,,4.17,.36
ln6yZu03E18,18.24.04,"Video from my phone part second New Watsapp Status","Whatsapp Status Videos",24,2018-04-15T15:16:30.000Z,"new videos"|"latest videos"|"whatsapp videos"|"whatsapp status videos"|"latest whatsapp videos"|"whatsapp videos new",10655105,15417,4877,1406,False,False,False,Estrella,,.14,.04
Ck4xHocysLw,18.28.04,"Ozuna - UÌnica (Video Oficial) ğŸ» A U R A","Ozuna",10,2018-04-26T17:52:13.000Z,"Ozuna"|"Reggaeton"|"Odisea"|"Odisea The Album"|"Unica"|"UÌnica",12711225,335567,10695,14894,False,False,False,Estrella,,2.63,.08
iWZmdoY1aTE,18.29.04,"Ed Sheeran - Happier (Official Video)","Ed Sheeran",10,2018-04-27T08:40:14.000Z,"edsheeran"|"ed sheeran"|"acoustic"|"live"|"cover"|"official"|"remix"|"official video"|"lyrics"|"session",11618399,799276,16164,46903,False,False,False,Estrella,,6.87,.13
iWZmdoY1aTE,18.30.04,"Ed Sheeran - Happier (Official Video)","Ed Sheeran",10,2018-04-27T08:40:14.000Z,"edsheeran"|"ed sheeran"|"acoustic"|"live"|"cover"|"official"|"remix"|"official video"|"lyrics"|"session",16809675,945890,20399,53440,False,False,False,Estrella,,5.62,.12
iWZmdoY1aTE,18.01.05,"Ed Sheeran - Happier (Official Video)","Ed Sheeran",10,2018-04-27T08:40:14.000Z,"edsheeran"|"ed sheeran"|"acoustic"|"live"|"cover"|"official"|"remix"|"official video"|"lyrics"|"session",20087204,1024328,22325,56615,False,False,False,Estrella,,5.09,.11
LryQJ25CnKU,18.01.05,"Jennifer Lopez - El Anillo (Official Video)","JenniferLopezVEVO",10,2018-04-27T13:00:06.000Z,"Jennifer Lopez El Anillo"|"Jennifer Lopez El Anillo official video"|"El Anillo video oficial"|"Pop"|"El Anillo dance"|"Jennifer Lopez El Anillo karaoke"|"Jennifer Lopez mix"|"Jennifer Lopez exitos"|"Jennifer Lopez El Anillo lyrics"|"El Anillo letra"|"Jennifer Lopez best songs"|"music video"|"musica en espanol"|"latin music"|"El Anillo remix"|"Pop mix"|"JLO"|"Shakira"|"Ricky Martin"|"Pitbull"|"Beyonce"|"Selena"|"live"|"en vivo"|"Jennifer"|"Lopez"|"El",10659997,256913,38636,23638,False,False,False,Estrella,,2.41,.36
iWZmdoY1aTE,18.02.05,"Ed Sheeran - Happier (Official Video)","Ed Sheeran",10,2018-04-27T08:40:14.000Z,"edsheeran"|"ed sheeran"|"acoustic"|"live"|"cover"|"official"|"remix"|"official video"|"lyrics"|"session",23543061,1095529,23887,58948,False,False,False,Estrella,,4.65,.10
VYOjWnS4cMY,18.07.05,"Childish Gambino - This Is America (Official Video)","ChildishGambinoVEVO",10,2018-05-06T04:00:07.000Z,"Childish Gambino"|"Rap"|"This Is America"|"mcDJ Recording/RCA Records",14171087,801866,25829,81156,False,False,False,Estrella,,5.65,.18
vjI4Alon-3Q,18.07.05,"Maluma - Marinero (Official Video)","MalumaVEVO",10,2018-05-04T10:00:33.000Z,"Maluma Marinero"|"Maluma Marinero official video"|"Marinero video oficial"|"latin pop"|"Reggaeton"|"Marinero dance"|"Maluma Marinero karaoke"|"Maluma mix"|"Maluma exitos"|"Maluma Marinero lyrics"|"Marinero letra"|"Maluma best songs"|"music video"|"musica en espanol"|"latin music"|"Marinero remix"|"Reggaeton mix"|"Felices Los 4"|"El Prestamo"|"Chantaje"|"Cuatro Babys"|"Corazon"|"J.Balvin"|"Ozuna"|"Daddy Yankee"|"Nicky Jam"|"live"|"en vivo"|"Maluma Marinero english"|"Latin",12014269,497325,33525,30783,False,False,False,Estrella,,4.13,.27
VYOjWnS4cMY,18.08.05,"Childish Gambino - This Is America (Official Video)","ChildishGambinoVEVO",10,2018-05-06T04:00:07.000Z,"Childish Gambino"|"Rap"|"This Is America"|"mcDJ Recording/RCA Records",31648454,1405376,51548,149478,False,False,False,Estrella,,4.44,.16
VYOjWnS4cMY,18.09.05,"Childish Gambino - This Is America (Official Video)","ChildishGambinoVEVO",10,2018-05-06T04:00:07.000Z,"Childish Gambino"|"Rap"|"This Is America"|"mcDJ Recording/RCA Records",47169016,1841549,79717,194822,False,False,False,Estrella,,3.90,.16
VYOjWnS4cMY,18.10.05,"Childish Gambino - This Is America (Official Video)","ChildishGambinoVEVO",10,2018-05-06T04:00:07.000Z,"Childish Gambino"|"Rap"|"This Is America"|"mcDJ Recording/RCA Records",60776509,2183745,104379,232723,False,False,False,Estrella,,3.59,.17
VYOjWnS4cMY,18.11.05,"Childish Gambino - This Is America (Official Video)","ChildishGambinoVEVO",10,2018-05-06T04:00:07.000Z,"Childish Gambino"|"Rap"|"This Is America"|"mcDJ Recording/RCA Records",73432600,2478908,124291,263984,False,False,False,Estrella,,3.37,.16
VYOjWnS4cMY,18.12.05,"Childish Gambino - This Is America (Official Video)","ChildishGambinoVEVO",10,2018-05-06T04:00:07.000Z,"Childish Gambino"|"Rap"|"This Is America"|"mcDJ Recording/RCA Records",85092067,2735961,140711,289682,False,False,False,Estrella,,3.21,.16
VYOjWnS4cMY,18.13.05,"Childish Gambino - This Is America (Official Video)","ChildishGambinoVEVO",10,2018-05-06T04:00:07.000Z,"Childish Gambino"|"Rap"|"This Is America"|"mcDJ Recording/RCA Records",98938809,3037318,161813,319502,False,False,False,Estrella,,3.06,.16
y-PQiShdTKA,18.21.05,"Tochan (Full Video) | SIDHU MOOSEWALA | BYG BYRD | SONIA MAAN | Humble Music","Humble Music",10,2018-05-17T07:35:47.000Z,"sidhu moosewala"|"sidhu moose wala"|"sidhu mooseala"|"tochan sidhu moose wala"|"tochan"|"byg byrd"|"sidhu moose wala new song"|"sidhu moose wala tochan"|"latest punjabi songs"|"latest punjabi songs 2018"|"latest songs"|"new punjabi songs 2018"|"so high"|"sonia mann",10879712,182247,7765,15695,False,False,False,Estrella,,1.67,.07
y-PQiShdTKA,18.22.05,"Tochan (Full Video) | SIDHU MOOSEWALA | BYG BYRD | SONIA MAAN | Humble Music","Humble Music",10,2018-05-17T07:35:47.000Z,"sidhu moosewala"|"sidhu moose wala"|"sidhu mooseala"|"tochan sidhu moose wala"|"tochan"|"byg byrd"|"sidhu moose wala new song"|"sidhu moose wala tochan"|"latest punjabi songs"|"latest punjabi songs 2018"|"latest songs"|"new punjabi songs 2018"|"so high"|"sonia mann",12055647,193566,8678,16469,False,False,False,Estrella,,1.60,.07
e8XoJsBCi2k,18.27.05,"MANKIRT AULAKH - DARU BAND (Official Video) Lally Mundi | J Statik | Latest Punjabi Songs 2018","Speed Records",10,2018-05-24T12:30:08.000Z,"punjabi songs"|"punjabi bhangra"|"punjabi music"|"punjabi bhangra music"|"punjabi latest songs"|"punjabi romantic songs"|"punjabi sad songs"|"punjabi"|"bhangra"|"latest punjabi songs 2018"|"punjab"|"desi"|"speed records"|"daaru band mankirt aulakh"|"daaru band punjabi song"|"daaru band new song"|"daaru band video"|"daru band mankirt"|"daru band full song"|"daru band new video"|"mankir aulakh songs"|"daru mankirt"|"daaru mankirt"|"daaru bandh"|"daru bandh",11393704,256649,18398,14255,False,False,False,Estrella,,2.25,.16
SKV6h_5XFbk,18.27.05,"ROYAL WEDDING â€” A Bad Lip Reading","Bad Lip Reading",23,2018-05-22T20:02:51.000Z,"royal wedding"|"lip sync"|"lip dub"|"funny"|"humor"|"prince harry"|"meghan markle"|"sussex"|"marriage"|"ceremony"|"preacher"|"black"|"choir"|"british"|"england"|"mother"|"brider"|"groom"|"queen",10013794,243151,4447,9934,False,False,False,Estrella,,2.42,.04
e8XoJsBCi2k,18.28.05,"MANKIRT AULAKH - DARU BAND (Official Video) Lally Mundi | J Statik | Latest Punjabi Songs 2018","Speed Records",10,2018-05-24T12:30:08.000Z,"punjabi songs"|"punjabi bhangra"|"punjabi music"|"punjabi bhangra music"|"punjabi latest songs"|"punjabi romantic songs"|"punjabi sad songs"|"punjabi"|"bhangra"|"latest punjabi songs 2018"|"punjab"|"desi"|"speed records"|"daaru band mankirt aulakh"|"daaru band punjabi song"|"daaru band new song"|"daaru band video"|"daru band mankirt"|"daru band full song"|"daru band new video"|"mankir aulakh songs"|"daru mankirt"|"daaru mankirt"|"daaru bandh"|"daru bandh",13312686,281641,20654,15614,False,False,False,Estrella,,2.11,.15
e8XoJsBCi2k,18.29.05,"MANKIRT AULAKH - DARU BAND (Official Video) | Latest Punjabi Songs 2018","Speed Records",10,2018-05-24T12:30:08.000Z,"punjabi songs"|"punjabi bhangra"|"punjabi music"|"punjabi bhangra music"|"punjabi latest songs"|"punjabi romantic songs"|"punjabi sad songs"|"punjabi"|"bhangra"|"latest punjabi songs 2018"|"punjab"|"desi"|"speed records"|"daaru band mankirt aulakh"|"daaru band punjabi song"|"daaru band new song"|"daaru band video"|"daru band mankirt"|"daru band full song"|"daru band new video"|"mankir aulakh songs"|"daru mankirt"|"daaru mankirt"|"daaru bandh"|"daru bandh",15210790,302601,22267,16715,False,False,False,Estrella,,1.98,.14
naW9U8MiUY0,18.09.06,"HOW TO TRAIN YOUR DRAGON 3 Trailer (2019)","FilmSelect Trailer",24,2018-06-07T14:43:02.000Z,"trailer"|"movie"|"filmselect"|"HOW TO TRAIN YOUR DRAGON 3 Trailer"|"HOW TO TRAIN YOUR DRAGON 3"|"2019",12204090,322788,6355,34553,False,False,False,Estrella,,2.64,.05
naW9U8MiUY0,18.10.06,"HOW TO TRAIN YOUR DRAGON 3 Trailer (2019)","FilmSelect Trailer",24,2018-06-07T14:43:02.000Z,"trailer"|"movie"|"filmselect"|"HOW TO TRAIN YOUR DRAGON 3 Trailer"|"HOW TO TRAIN YOUR DRAGON 3"|"2019",16956149,397645,8865,41103,False,False,False,Estrella,,2.34,.05
V15BYnSr0P8,18.10.06,"Live It Up (Official Video) - Nicky Jam feat. Will Smith & Era Istrefi (2018 FIFA World Cup Russia)","NickyJamTV",10,2018-06-08T11:58:38.000Z,"Nicky Jam"|"NickyJamPR"|"latin"|"will smith"|"Era Istrefi"|"fifa world cup 2018"|"fifa world cup russia 2018"|"world cup 2018"|"russia 2018"|"fifa world cup"|"equis"|"diplo"|"era istrefi"|"ultra music"|"la industria inc"|"manuel turizo"|"valentino"|"alikilados"|"brytiago"|"jbalvin"|"maluma"|"bad bunny"|"ozuna"|"cancion del mundial 2018"|"cancion fifa 2018"|"shakira"|"waka waka"|"ricky martin"|"la copa de la vida"|"james rodriguez"|"cristiano ronaldo"|"messi"|"neymar",10053872,369149,25577,44588,False,False,False,Estrella,,3.67,.25
vg0ZfeszGrU,18.11.06,"Difference | Amrit Maan ft Sonia Maan | Latest Punjabi Songs 2018 | Bamb Beats","Bamb Beats",10,2018-06-08T11:13:27.000Z,"amrit maan new song"|"amrit maan songs"|"amrit maan difference"|"difference by amrit maan"|"difference"|"amrit maan"|"ikwinder singh"|"daimond"|"gurnam bhullar"|"guru randhawa"|"mankirt aulakh"|"dj flow"|"latest punjabi songs"|"latest punjabi songs 2018"|"new punjabi song"|"punjabi songs"|"new songs 2018"|"avex dhillon"|"sidhu moose wala"|"trending nakhra"|"bamb beats",10022932,238708,9403,15764,False,False,False,Estrella,,2.38,.09
naW9U8MiUY0,18.11.06,"HOW TO TRAIN YOUR DRAGON 3 Trailer (2019)","FilmSelect Trailer",24,2018-06-07T14:43:02.000Z,"trailer"|"movie"|"filmselect"|"HOW TO TRAIN YOUR DRAGON 3 Trailer"|"HOW TO TRAIN YOUR DRAGON 3"|"2019",17571728,405974,9285,41917,False,False,False,Estrella,,2.31,.05
V15BYnSr0P8,18.11.06,"Live It Up (Official Video) - Nicky Jam feat. Will Smith & Era Istrefi (2018 FIFA World Cup Russia)","NickyJamTV",10,2018-06-08T11:58:38.000Z,"Nicky Jam"|"NickyJamPR"|"latin"|"will smith"|"Era Istrefi"|"fifa world cup 2018"|"fifa world cup russia 2018"|"world cup 2018"|"russia 2018"|"fifa world cup"|"equis"|"diplo"|"era istrefi"|"ultra music"|"la industria inc"|"manuel turizo"|"valentino"|"alikilados"|"brytiago"|"jbalvin"|"maluma"|"bad bunny"|"ozuna"|"cancion del mundial 2018"|"cancion fifa 2018"|"shakira"|"waka waka"|"ricky martin"|"la copa de la vida"|"james rodriguez"|"cristiano ronaldo"|"messi"|"neymar",11501355,400867,28526,48100,False,False,False,Estrella,,3.48,.24
vg0ZfeszGrU,18.12.06,"Difference | Amrit Maan ft Sonia Maan | Latest Punjabi Songs 2018 | Bamb Beats","Bamb Beats",10,2018-06-08T11:13:27.000Z,"amrit maan new song"|"amrit maan songs"|"amrit maan difference"|"difference by amrit maan"|"difference"|"amrit maan"|"ikwinder singh"|"daimond"|"gurnam bhullar"|"guru randhawa"|"mankirt aulakh"|"dj flow"|"latest punjabi songs"|"latest punjabi songs 2018"|"new punjabi song"|"punjabi songs"|"new songs 2018"|"avex dhillon"|"sidhu moose wala"|"trending nakhra"|"bamb beats",12123373,270455,11120,17699,False,False,False,Estrella,,2.23,.09
naW9U8MiUY0,18.12.06,"HOW TO TRAIN YOUR DRAGON 3 Trailer (2019)","FilmSelect Trailer",24,2018-06-07T14:43:02.000Z,"trailer"|"movie"|"filmselect"|"HOW TO TRAIN YOUR DRAGON 3 Trailer"|"HOW TO TRAIN YOUR DRAGON 3"|"2019",19007336,422574,10163,43426,False,False,False,Estrella,,2.22,.05
V15BYnSr0P8,18.12.06,"Live It Up (Official Video) - Nicky Jam feat. Will Smith & Era Istrefi (2018 FIFA World Cup Russia)","NickyJamTV",10,2018-06-08T11:58:38.000Z,"Nicky Jam"|"NickyJamPR"|"latin"|"will smith"|"Era Istrefi"|"fifa world cup 2018"|"fifa world cup russia 2018"|"world cup 2018"|"russia 2018"|"fifa world cup"|"equis"|"diplo"|"era istrefi"|"ultra music"|"la industria inc"|"manuel turizo"|"valentino"|"alikilados"|"brytiago"|"jbalvin"|"maluma"|"bad bunny"|"ozuna"|"cancion del mundial 2018"|"cancion fifa 2018"|"shakira"|"waka waka"|"ricky martin"|"la copa de la vida"|"james rodriguez"|"cristiano ronaldo"|"messi"|"neymar",14555966,462872,34299,53949,False,False,False,Estrella,,3.17,.23
vg0ZfeszGrU,18.13.06,"Difference | Amrit Maan ft Sonia Maan | Latest Punjabi Songs 2018 | Bamb Beats","Bamb Beats",10,2018-06-08T11:13:27.000Z,"amrit maan new song"|"amrit maan songs"|"amrit maan difference"|"difference by amrit maan"|"difference"|"amrit maan"|"ikwinder singh"|"daimond"|"gurnam bhullar"|"guru randhawa"|"mankirt aulakh"|"dj flow"|"latest punjabi songs"|"latest punjabi songs 2018"|"new punjabi song"|"punjabi songs"|"new songs 2018"|"avex dhillon"|"sidhu moose wala"|"trending nakhra"|"bamb beats",13850398,296023,12509,19115,False,False,False,Estrella,,2.13,.09
vg0ZfeszGrU,18.14.06,"Difference | Amrit Maan ft Sonia Maan | Latest Punjabi Songs 2018 | Bamb Beats","Bamb Beats",10,2018-06-08T11:13:27.000Z,"amrit maan new song"|"amrit maan songs"|"amrit maan difference"|"difference by amrit maan"|"difference"|"amrit maan"|"ikwinder singh"|"daimond"|"gurnam bhullar"|"guru randhawa"|"mankirt aulakh"|"dj flow"|"latest punjabi songs"|"latest punjabi songs 2018"|"new punjabi song"|"punjabi songs"|"new songs 2018"|"avex dhillon"|"sidhu moose wala"|"trending nakhra"|"bamb beats"|"parada"|"parada jass manak"|"parada song full video",16256855,321798,14006,20453,False,False,False,Estrella,,1.97,.08
